"GeoFips","GeoName","2001"
"01001","Autauga, AL",748918
"01003","Baldwin, AL",3042910
"01005","Barbour, AL",638536
"01007","Bibb, AL",223597
"01009","Blount, AL",620406
"01011","Bullock, AL",177283
"01013","Butler, AL",365403
"01015","Calhoun, AL",2719537
"01017","Chambers, AL",702379
"01019","Cherokee, AL",312699
"01021","Chilton, AL",498268
"01023","Choctaw, AL",514737
"01025","Clarke, AL",539533
"01027","Clay, AL",255902
"01029","Cleburne, AL",210413
"01031","Coffee, AL",798754
"01033","Colbert, AL",1415688
"01035","Conecuh, AL",248334
"01037","Coosa, AL",137301
"01039","Covington, AL",770823
"01041","Crenshaw, AL",216576
"01043","Cullman, AL",1621868
"01045","Dale, AL",1469267
"01047","Dallas, AL",1011822
"01049","DeKalb, AL",1392917
"01051","Elmore, AL",872033
"01053","Escambia, AL",878554
"01055","Etowah, AL",2055972
"01057","Fayette, AL",302769
"01059","Franklin, AL",602688
"01061","Geneva, AL",358919
"01063","Greene, AL",207073
"01065","Hale, AL",207315
"01067","Henry, AL",258360
"01069","Houston, AL",2997773
"01071","Jackson, AL",1221859
"01073","Jefferson, AL",28978785
"01075","Lamar, AL",281445
"01077","Lauderdale, AL",1712780
"01079","Lawrence, AL",537838
"01081","Lee, AL",2342754
"01083","Limestone, AL",1852308
"01085","Lowndes, AL",279174
"01087","Macon, AL",328095
"01089","Madison, AL",11165253
"01091","Marengo, AL",486404
"01093","Marion, AL",610429
"01095","Marshall, AL",1996672
"01097","Mobile, AL",11273666
"01099","Monroe, AL",642738
"01101","Montgomery, AL",8684190
"01103","Morgan, AL",3209981
"01105","Perry, AL",143111
"01107","Pickens, AL",280043
"01109","Pike, AL",674780
"01111","Randolph, AL",319741
"01113","Russell, AL",896620
"01115","St. Clair, AL",956816
"01117","Shelby, AL",4139726
"01119","Sumter, AL",231394
"01121","Talladega, AL",1772025
"01123","Tallapoosa, AL",772445
"01125","Tuscaloosa, AL",5211074
"01127","Walker, AL",1233036
"01129","Washington, AL",572250
"01131","Wilcox, AL",295761
"01133","Winston, AL",536786
"02013","Aleutians East Borough, AK*",131609
"02016","Aleutians West Census Area, AK*",236516
"02020","Anchorage Municipality, AK",12366029
"02050","Bethel Census Area, AK*",386943
"02060","Bristol Bay Borough, AK",63942
"02068","Denali Borough, AK*",123028
"02070","Dillingham Census Area, AK*",161962
"02090","Fairbanks North Star Borough, AK",3968679
"02100","Haines Borough, AK",56149
"02105","Hoonah-Angoon Census Area, AK*","NA"
"02110","Juneau City and Borough, AK",1316957
"02122","Kenai Peninsula Borough, AK",1664471
"02130","Ketchikan Gateway Borough, AK*",544248
"02150","Kodiak Island Borough, AK",466850
"02158","Kusilvak Census Area, AK*",77853
"02164","Lake and Peninsula Borough, AK*",50345
"02170","Matanuska-Susitna Borough, AK",970977
"02180","Nome Census Area, AK*",228402
"02185","North Slope Borough, AK",3655151
"02188","Northwest Arctic Borough, AK",339418
"02195","Petersburg Borough, AK*","NA"
"02198","Prince of Wales-Hyder Census Area, AK*","NA"
"02201","Prince of Wales-Outer Ketchikan Census Area, AK*",109904
"02220","Sitka City and Borough, AK",296018
"02230","Skagway Municipality, AK*","NA"
"02232","Skagway-Hoonah-Angoon Census Area, AK*",90457
"02240","Southeast Fairbanks Census Area, AK*",239856
"02261","Valdez-Cordova Census Area, AK*",408516
"02275","Wrangell City and Borough, AK*","NA"
"02280","Wrangell-Petersburg Census Area, AK*",207276
"02282","Yakutat City and Borough, AK*",20993
"02290","Yukon-Koyukuk Census Area, AK*",272805
"04001","Apache, AZ",1624540
"04003","Cochise, AZ",2579945
"04005","Coconino, AZ",3771705
"04007","Gila, AZ",933074
"04009","Graham, AZ",392990
"04011","Greenlee, AZ",422249
"04012","La Paz, AZ",359331
"04013","Maricopa, AZ",120941058
"04015","Mohave, AZ",2876805
"04017","Navajo, AZ",1965869
"04019","Pima, AZ",24879407
"04021","Pinal, AZ",3025875
"04023","Santa Cruz, AZ",970128
"04025","Yavapai, AZ",3212455
"04027","Yuma, AZ",3525104
"05001","Arkansas, AR",564159
"05003","Ashley, AR",628221
"05005","Baxter, AR",777904
"05007","Benton, AR",5102038
"05009","Boone, AR",818885
"05011","Bradley, AR",206907
"05013","Calhoun, AR",239376
"05015","Carroll, AR",516402
"05017","Chicot, AR",220944
"05019","Clark, AR",547603
"05021","Clay, AR",279149
"05023","Cleburne, AR",382755
"05025","Cleveland, AR",85940
"05027","Columbia, AR",531474
"05029","Conway, AR",410847
"05031","Craighead, AR",2185714
"05033","Crawford, AR",957755
"05035","Crittenden, AR",1141012
"05037","Cross, AR",322206
"05039","Dallas, AR",154071
"05041","Desha, AR",328581
"05043","Drew, AR",349638
"05045","Faulkner, AR",1886933
"05047","Franklin, AR",299294
"05049","Fulton, AR",106436
"05051","Garland, AR",1928011
"05053","Grant, AR",208374
"05055","Greene, AR",777766
"05057","Hempstead, AR",526086
"05059","Hot Spring, AR",488391
"05061","Howard, AR",449148
"05063","Independence, AR",1288995
"05065","Izard, AR",181062
"05067","Jackson, AR",344093
"05069","Jefferson, AR",2487218
"05071","Johnson, AR",429561
"05073","Lafayette, AR",161891
"05075","Lawrence, AR",281173
"05077","Lee, AR",165297
"05079","Lincoln, AR",184989
"05081","Little River, AR",330189
"05083","Logan, AR",361049
"05085","Lonoke, AR",688273
"05087","Madison, AR",206705
"05089","Marion, AR",196060
"05091","Miller, AR",956698
"05093","Mississippi, AR",1519030
"05095","Monroe, AR",152409
"05097","Montgomery, AR",110823
"05099","Nevada, AR",156945
"05101","Newton, AR",67341
"05103","Ouachita, AR",428085
"05105","Perry, AR",88555
"05107","Phillips, AR",425398
"05109","Pike, AR",187342
"05111","Poinsett, AR",415294
"05113","Polk, AR",360254
"05115","Pope, AR",1830627
"05117","Prairie, AR",127132
"05119","Pulaski, AR",17224005
"05121","Randolph, AR",260737
"05123","St. Francis, AR",552778
"05125","Saline, AR",1078111
"05127","Scott, AR",200261
"05129","Searcy, AR",89883
"05131","Sebastian, AR",4343290
"05133","Sevier, AR",350349
"05135","Sharp, AR",206130
"05137","Stone, AR",157560
"05139","Union, AR",1602182
"05141","Van Buren, AR",226026
"05143","Washington, AR",4987101
"05145","White, AR",1292723
"05147","Woodruff, AR",165343
"05149","Yell, AR",389266
"06001","Alameda, CA",66992943
"06003","Alpine, CA",57326
"06005","Amador, CA",951383
"06007","Butte, CA",5054764
"06009","Calaveras, CA",830163
"06011","Colusa, CA",633690
"06013","Contra Costa, CA",44297311
"06015","Del Norte, CA",456282
"06017","El Dorado, CA",3997946
"06019","Fresno, CA",21328160
"06021","Glenn, CA",615048
"06023","Humboldt, CA",3362142
"06025","Imperial, CA",3772033
"06027","Inyo, CA",678015
"06029","Kern, CA",19598097
"06031","Kings, CA",3095312
"06033","Lake, CA",1095248
"06035","Lassen, CA",644059
"06037","Los Angeles, CA",392137101
"06039","Madera, CA",2440065
"06041","Marin, CA",13023052
"06043","Mariposa, CA",373628
"06045","Mendocino, CA",2291699
"06047","Merced, CA",4369943
"06049","Modoc, CA",189558
"06051","Mono, CA",645002
"06053","Monterey, CA",15619341
"06055","Napa, CA",5595519
"06057","Nevada, CA",2461947
"06059","Orange, CA",133987493
"06061","Placer, CA",10175371
"06063","Plumas, CA",706228
"06065","Riverside, CA",36392995
"06067","Sacramento, CA",48560332
"06069","San Benito, CA",1146315
"06071","San Bernardino, CA",41740284
"06073","San Diego, CA",117083125
"06075","San Francisco, CA",72237141
"06077","San Joaquin, CA",15873006
"06079","San Luis Obispo, CA",8341107
"06081","San Mateo, CA",44972120
"06083","Santa Barbara, CA",14253132
"06085","Santa Clara, CA",121243682
"06087","Santa Cruz, CA",8634933
"06089","Shasta, CA",4726881
"06091","Sierra, CA",77874
"06093","Siskiyou, CA",1117284
"06095","Solano, CA",10532868
"06097","Sonoma, CA",16734104
"06099","Stanislaus, CA",11976309
"06101","Sutter, CA",1925215
"06103","Tehama, CA",1161025
"06105","Trinity, CA",237227
"06107","Tulare, CA",8670651
"06109","Tuolumne, CA",1437771
"06111","Ventura, CA",28406639
"06113","Yolo, CA",7074007
"06115","Yuba, CA",1519921
"08001","Adams, CO*",10781108
"08003","Alamosa, CO",405756
"08005","Arapahoe, CO",28830895
"08007","Archuleta, CO",298879
"08009","Baca, CO",124578
"08011","Bent, CO",114887
"08013","Boulder, CO*",15931750
"08014","Broomfield, CO*","NA"
"08015","Chaffee, CO",368746
"08017","Cheyenne, CO",109986
"08019","Clear Creek, CO",217684
"08021","Conejos, CO",96535
"08023","Costilla, CO",62960
"08025","Crowley, CO",130205
"08027","Custer, CO",84836
"08029","Delta, CO",547392
"08031","Denver, CO",44115027
"08033","Dolores, CO",36604
"08035","Douglas, CO",5084742
"08037","Eagle, CO",2394238
"08039","Elbert, CO",279032
"08041","El Paso, CO",19661830
"08043","Fremont, CO",893646
"08045","Garfield, CO",1511585
"08047","Gilpin, CO",422430
"08049","Grand, CO",484120
"08051","Gunnison, CO",573968
"08053","Hinsdale, CO",22555
"08055","Huerfano, CO",152877
"08057","Jackson, CO",32621
"08059","Jefferson, CO*",18372256
"08061","Kiowa, CO",67854
"08063","Kit Carson, CO",227569
"08065","Lake, CO",124429
"08067","La Plata, CO",1695089
"08069","Larimer, CO",8669545
"08071","Las Animas, CO",332427
"08073","Lincoln, CO",135893
"08075","Logan, CO",636074
"08077","Mesa, CO",3315072
"08079","Mineral, CO",29859
"08081","Moffat, CO",711897
"08083","Montezuma, CO",703783
"08085","Montrose, CO",865907
"08087","Morgan, CO",983225
"08089","Otero, CO",441665
"08091","Ouray, CO",104547
"08093","Park, CO",212211
"08095","Phillips, CO",158700
"08097","Pitkin, CO",1512297
"08099","Prowers, CO",388769
"08101","Pueblo, CO",3411353
"08103","Rio Blanco, CO",280419
"08105","Rio Grande, CO",263580
"08107","Routt, CO",1376408
"08109","Saguache, CO",92155
"08111","San Juan, CO",27416
"08113","San Miguel, CO",462036
"08115","Sedgwick, CO",67999
"08117","Summit, CO",1517492
"08119","Teller, CO",455881
"08121","Washington, CO",101227
"08123","Weld, CO*",5584897
"08125","Yuma, CO",444798
"09001","Fairfield, CT",59566620
"09003","Hartford, CT",49653250
"09005","Litchfield, CT",5980324
"09007","Middlesex, CT",6954843
"09009","New Haven, CT",33185507
"09011","New London, CT",11111053
"09013","Tolland, CT",3349801
"09015","Windham, CT",3033067
"10001","Kent, DE",4307529
"10003","New Castle, DE",35683537
"10005","Sussex, DE",6564838
"11001","District of Columbia, DC",65518401
"12001","Alachua, FL",7091017
"12003","Baker, FL",330575
"12005","Bay, FL",4365312
"12007","Bradford, FL",394540
"12009","Brevard, FL",13203412
"12011","Broward, FL",54130152
"12013","Calhoun, FL",173516
"12015","Charlotte, FL",2541274
"12017","Citrus, FL",2684205
"12019","Clay, FL",2194525
"12021","Collier, FL",9004996
"12023","Columbia, FL",1212976
"12027","DeSoto, FL",539609
"12029","Dixie, FL",159805
"12031","Duval, FL",34643795
"12033","Escambia, FL",8945311
"12035","Flagler, FL",1041434
"12037","Franklin, FL",232134
"12039","Gadsden, FL",781348
"12041","Gilchrist, FL",185074
"12043","Glades, FL",142253
"12045","Gulf, FL",243479
"12047","Hamilton, FL",240377
"12049","Hardee, FL",512657
"12051","Hendry, FL",928463
"12053","Hernando, FL",1906391
"12055","Highlands, FL",1421047
"12057","Hillsborough, FL",42678819
"12059","Holmes, FL",221488
"12061","Indian River, FL",2929290
"12063","Jackson, FL",763928
"12065","Jefferson, FL",172587
"12067","Lafayette, FL",110819
"12069","Lake, FL",4122909
"12071","Lee, FL",12968334
"12073","Leon, FL",9128247
"12075","Levy, FL",515245
"12077","Liberty, FL",103146
"12079","Madison, FL",294306
"12081","Manatee, FL",7048950
"12083","Marion, FL",5150399
"12085","Martin, FL",4239877
"12086","Miami-Dade, FL",83451329
"12087","Monroe, FL",2661839
"12089","Nassau, FL",1277882
"12091","Okaloosa, FL",5723765
"12093","Okeechobee, FL",611343
"12095","Orange, FL",45736821
"12097","Osceola, FL",3991139
"12099","Palm Beach, FL",41596291
"12101","Pasco, FL",5118941
"12103","Pinellas, FL",30347899
"12105","Polk, FL",13014289
"12107","Putnam, FL",1657848
"12109","St. Johns, FL",2979237
"12111","St. Lucie, FL",3971127
"12113","Santa Rosa, FL",1810648
"12115","Sarasota, FL",9456605
"12117","Seminole, FL",10562143
"12119","Sumter, FL",695663
"12121","Suwannee, FL",685719
"12123","Taylor, FL",461022
"12125","Union, FL",213369
"12127","Volusia, FL",9142943
"12129","Wakulla, FL",398502
"12131","Walton, FL",971328
"12133","Washington, FL",323041
"13001","Appling, GA",813634
"13003","Atkinson, GA",127384
"13005","Bacon, GA",221330
"13007","Baker, GA",64608
"13009","Baldwin, GA",1037280
"13011","Banks, GA",223627
"13013","Barrow, GA",808940
"13015","Bartow, GA",2903902
"13017","Ben Hill, GA",538505
"13019","Berrien, GA",296836
"13021","Bibb, GA",6379720
"13023","Bleckley, GA",239975
"13025","Brantley, GA",149676
"13027","Brooks, GA",209575
"13029","Bryan, GA",339053
"13031","Bulloch, GA",1206313
"13033","Burke, GA",1040674
"13035","Butts, GA",352379
"13037","Calhoun, GA",112042
"13039","Camden, GA",1146636
"13043","Candler, GA",164130
"13045","Carroll, GA",2182133
"13047","Catoosa, GA",926991
"13049","Charlton, GA",137145
"13051","Chatham, GA",8500499
"13053","Chattahoochee, GA",821889
"13055","Chattooga, GA",449090
"13057","Cherokee, GA",2513374
"13059","Clarke, GA",4085844
"13061","Clay, GA",58707
"13063","Clayton, GA",8739269
"13065","Clinch, GA",130087
"13067","Cobb, GA",27559457
"13069","Coffee, GA",1039596
"13071","Colquitt, GA",792657
"13073","Columbia, GA",1417043
"13075","Cook, GA",286342
"13077","Coweta, GA",1926012
"13079","Crawford, GA",97785
"13081","Crisp, GA",490850
"13083","Dade, GA",220144
"13085","Dawson, GA",338258
"13087","Decatur, GA",696020
"13089","DeKalb, GA",27961964
"13091","Dodge, GA",335556
"13093","Dooly, GA",269286
"13095","Dougherty, GA",3539713
"13097","Douglas, GA",2010962
"13099","Early, GA",401583
"13101","Echols, GA",34169
"13103","Effingham, GA",600280
"13105","Elbert, GA",453501
"13107","Emanuel, GA",426018
"13109","Evans, GA",310316
"13111","Fannin, GA",327597
"13113","Fayette, GA",2289912
"13115","Floyd, GA",3279374
"13117","Forsyth, GA",3077217
"13119","Franklin, GA",513612
"13121","Fulton, GA",88706177
"13123","Gilmer, GA",563925
"13125","Glascock, GA",40789
"13127","Glynn, GA",2290196
"13129","Gordon, GA",1322129
"13131","Grady, GA",378648
"13133","Greene, GA",315768
"13135","Gwinnett, GA",25044591
"13137","Habersham, GA",993009
"13139","Hall, GA",4775150
"13141","Hancock, GA",101476
"13143","Haralson, GA",418374
"13145","Harris, GA",301072
"13147","Hart, GA",518017
"13149","Heard, GA",560062
"13151","Henry, GA",2416002
"13153","Houston, GA",3400163
"13155","Irwin, GA",157886
"13157","Jackson, GA",1124996
"13159","Jasper, GA",185290
"13161","Jeff Davis, GA",275086
"13163","Jefferson, GA",356068
"13165","Jenkins, GA",141025
"13167","Johnson, GA",119741
"13169","Jones, GA",211672
"13171","Lamar, GA",235621
"13173","Lanier, GA",79951
"13175","Laurens, GA",1218663
"13177","Lee, GA",274444
"13179","Liberty, GA",1685728
"13181","Lincoln, GA",90829
"13183","Long, GA",65754
"13185","Lowndes, GA",2729801
"13187","Lumpkin, GA",420439
"13189","McDuffie, GA",435911
"13191","McIntosh, GA",136339
"13193","Macon, GA",331263
"13195","Madison, GA",301896
"13197","Marion, GA",153089
"13199","Meriwether, GA",354263
"13201","Miller, GA",112781
"13205","Mitchell, GA",656367
"13207","Monroe, GA",979431
"13209","Montgomery, GA",111881
"13211","Morgan, GA",388403
"13213","Murray, GA",704809
"13215","Muscogee, GA",6385201
"13217","Newton, GA",1285617
"13219","Oconee, GA",456285
"13221","Oglethorpe, GA",146523
"13223","Paulding, GA",889018
"13225","Peach, GA",638248
"13227","Pickens, GA",448462
"13229","Pierce, GA",236421
"13231","Pike, GA",149398
"13233","Polk, GA",735930
"13235","Pulaski, GA",189565
"13237","Putnam, GA",671219
"13239","Quitman, GA",28434
"13241","Rabun, GA",347432
"13243","Randolph, GA",143129
"13245","Richmond, GA",7415522
"13247","Rockdale, GA",2450637
"13249","Schley, GA",85784
"13251","Screven, GA",223281
"13253","Seminole, GA",175514
"13255","Spalding, GA",1423085
"13257","Stephens, GA",657164
"13259","Stewart, GA",69959
"13261","Sumter, GA",830632
"13263","Talbot, GA",66339
"13265","Taliaferro, GA",16911
"13267","Tattnall, GA",349023
"13269","Taylor, GA",147627
"13271","Telfair, GA",214655
"13273","Terrell, GA",177884
"13275","Thomas, GA",1346382
"13277","Tift, GA",1142414
"13279","Toombs, GA",561672
"13281","Towns, GA",181854
"13283","Treutlen, GA",64280
"13285","Troup, GA",2226138
"13287","Turner, GA",162503
"13289","Twiggs, GA",168953
"13291","Union, GA",333844
"13293","Upson, GA",511218
"13295","Walker, GA",970391
"13297","Walton, GA",1088783
"13299","Ware, GA",896437
"13301","Warren, GA",100257
"13303","Washington, GA",506877
"13305","Wayne, GA",592479
"13307","Webster, GA",34661
"13309","Wheeler, GA",69473
"13311","White, GA",391937
"13313","Whitfield, GA",4150120
"13315","Wilcox, GA",112881
"13317","Wilkes, GA",236416
"13319","Wilkinson, GA",312425
"13321","Worth, GA",252467
"15001","Hawaii, HI",3904348
"15003","Honolulu, HI",32609332
"15007","Kauai, HI",1891536
"15901","Maui + Kalawao, HI*",4577537
"16001","Ada, ID",13162409
"16003","Adams, ID",55245
"16005","Bannock, ID",1838468
"16007","Bear Lake, ID",92535
"16009","Benewah, ID",191020
"16011","Bingham, ID",781404
"16013","Blaine, ID",923306
"16015","Boise, ID",88078
"16017","Bonner, ID",759905
"16019","Bonneville, ID",2228858
"16021","Boundary, ID",176622
"16023","Butte, ID",691062
"16025","Camas, ID",23511
"16027","Canyon, ID",2832372
"16029","Caribou, ID",517979
"16031","Cassia, ID",628785
"16033","Clark, ID",37376
"16035","Clearwater, ID",217429
"16037","Custer, ID",103272
"16039","Elmore, ID",642178
"16041","Franklin, ID",170340
"16043","Fremont (includes Yellowstone Park), ID",165997
"16045","Gem, ID",182200
"16047","Gooding, ID",454905
"16049","Idaho, ID",254149
"16051","Jefferson, ID",274977
"16053","Jerome, ID",546925
"16055","Kootenai, ID",2717650
"16057","Latah, ID",771035
"16059","Lemhi, ID",133011
"16061","Lewis, ID",69154
"16063","Lincoln, ID",88513
"16065","Madison, ID",510372
"16067","Minidoka, ID",456287
"16069","Nez Perce, ID",1231332
"16071","Oneida, ID",52663
"16073","Owyhee, ID",199202
"16075","Payette, ID",348833
"16077","Power, ID",379763
"16079","Shoshone, ID",242955
"16081","Teton, ID",112907
"16083","Twin Falls, ID",1695159
"16085","Valley, ID",207943
"16087","Washington, ID",235684
"17001","Adams, IL",2048276
"17003","Alexander, IL",138796
"17005","Bond, IL",316573
"17007","Boone, IL",1081060
"17009","Brown, IL",176951
"17011","Bureau, IL",903136
"17013","Calhoun, IL",69109
"17015","Carroll, IL",342554
"17017","Cass, IL",388230
"17019","Champaign, IL",6378167
"17021","Christian, IL",947777
"17023","Clark, IL",318166
"17025","Clay, IL",376040
"17027","Clinton, IL",702659
"17029","Coles, IL",1584417
"17031","Cook, IL",254058244
"17033","Crawford, IL",952414
"17035","Cumberland, IL",169493
"17037","DeKalb, IL",2227109
"17039","De Witt, IL",732542
"17041","Douglas, IL",606498
"17043","DuPage, IL",53247708
"17045","Edgar, IL",524118
"17047","Edwards, IL",207666
"17049","Effingham, IL",1186546
"17051","Fayette, IL",379526
"17053","Ford, IL",346966
"17055","Franklin, IL",609032
"17057","Fulton, IL",591714
"17059","Gallatin, IL",131541
"17061","Greene, IL",216685
"17063","Grundy, IL",1900678
"17065","Hamilton, IL",109837
"17067","Hancock, IL",414148
"17069","Hardin, IL",68362
"17071","Henderson, IL",96845
"17073","Henry, IL",909072
"17075","Iroquois, IL",595931
"17077","Jackson, IL",1650180
"17079","Jasper, IL",404704
"17081","Jefferson, IL",1284922
"17083","Jersey, IL",297365
"17085","Jo Daviess, IL",559265
"17087","Johnson, IL",147308
"17089","Kane, IL",14067106
"17091","Kankakee, IL",2679792
"17093","Kendall, IL",1299454
"17095","Knox, IL",1436593
"17097","Lake, IL",32404841
"17099","LaSalle, IL",3684330
"17101","Lawrence, IL",296328
"17103","Lee, IL",878080
"17105","Livingston, IL",1129387
"17107","Logan, IL",650430
"17109","McDonough, IL",786146
"17111","McHenry, IL",6624312
"17113","McLean, IL",6874185
"17115","Macon, IL",4365268
"17117","Macoupin, IL",819499
"17119","Madison, IL",7703650
"17121","Marion, IL",965905
"17123","Marshall, IL",260324
"17125","Mason, IL",345024
"17127","Massac, IL",679398
"17129","Menard, IL",165978
"17131","Mercer, IL",217771
"17133","Monroe, IL",466908
"17135","Montgomery, IL",833164
"17137","Morgan, IL",1076769
"17139","Moultrie, IL",317663
"17141","Ogle, IL",1942996
"17143","Peoria, IL",6992967
"17145","Perry, IL",392557
"17147","Piatt, IL",283994
"17149","Pike, IL",289857
"17151","Pope, IL",47185
"17153","Pulaski, IL",117546
"17155","Putnam, IL",183859
"17157","Randolph, IL",1215714
"17159","Richland, IL",372259
"17161","Rock Island, IL",6507633
"17163","St. Clair, IL",6305065
"17165","Saline, IL",664791
"17167","Sangamon, IL",7401190
"17169","Schuyler, IL",131668
"17171","Scott, IL",95566
"17173","Shelby, IL",377751
"17175","Stark, IL",117223
"17177","Stephenson, IL",1463796
"17179","Tazewell, IL",4871168
"17181","Union, IL",312833
"17183","Vermilion, IL",2153813
"17185","Wabash, IL",270410
"17187","Warren, IL",397579
"17189","Washington, IL",403713
"17191","Wayne, IL",294500
"17193","White, IL",316802
"17195","Whiteside, IL",1369860
"17197","Will, IL",12942778
"17199","Williamson, IL",1495010
"17201","Winnebago, IL",9354155
"17203","Woodford, IL",642647
"18001","Adams, IN",953510
"18003","Allen, IN",12424818
"18005","Bartholomew, IN",2998046
"18007","Benton, IN",189553
"18009","Blackford, IN",257128
"18011","Boone, IN",1019225
"18013","Brown, IN",181775
"18015","Carroll, IN",385031
"18017","Cass, IN",969692
"18019","Clark, IN",2857807
"18021","Clay, IN",432904
"18023","Clinton, IN",999351
"18025","Crawford, IN",125266
"18027","Daviess, IN",635679
"18029","Dearborn, IN",1255150
"18031","Decatur, IN",1070865
"18033","DeKalb, IN",1471475
"18035","Delaware, IN",3174594
"18037","Dubois, IN",1700345
"18039","Elkhart, IN",7316352
"18041","Fayette, IN",700726
"18043","Floyd, IN",1713942
"18045","Fountain, IN",338182
"18047","Franklin, IN",323390
"18049","Fulton, IN",421544
"18051","Gibson, IN",1505942
"18053","Grant, IN",1766500
"18055","Greene, IN",443749
"18057","Hamilton, IN",7025090
"18059","Hancock, IN",1183099
"18061","Harrison, IN",748931
"18063","Hendricks, IN",2176380
"18065","Henry, IN",951300
"18067","Howard, IN",3526958
"18069","Huntington, IN",895256
"18071","Jackson, IN",1247081
"18073","Jasper, IN",904991
"18075","Jay, IN",458388
"18077","Jefferson, IN",927258
"18079","Jennings, IN",470520
"18081","Johnson, IN",2388386
"18083","Knox, IN",1024020
"18085","Kosciusko, IN",3369985
"18087","Lagrange, IN",797959
"18089","Lake, IN",13843051
"18091","LaPorte, IN",2929471
"18093","Lawrence, IN",955328
"18095","Madison, IN",3024145
"18097","Marion, IN",53758606
"18099","Marshall, IN",1111472
"18101","Martin, IN",508241
"18103","Miami, IN",666462
"18105","Monroe, IN",3577192
"18107","Montgomery, IN",1129928
"18109","Morgan, IN",920982
"18111","Newton, IN",244797
"18113","Noble, IN",1188621
"18115","Ohio, IN",225084
"18117","Orange, IN",345724
"18119","Owen, IN",303185
"18121","Parke, IN",220729
"18123","Perry, IN",354049
"18125","Pike, IN",555239
"18127","Porter, IN",3671188
"18129","Posey, IN",1216210
"18131","Pulaski, IN",299083
"18133","Putnam, IN",683470
"18135","Randolph, IN",510318
"18137","Ripley, IN",943476
"18139","Rush, IN",386203
"18141","St. Joseph, IN",8473858
"18143","Scott, IN",438842
"18145","Shelby, IN",1127382
"18147","Spencer, IN",864970
"18149","Starke, IN",275868
"18151","Steuben, IN",900972
"18153","Sullivan, IN",501407
"18155","Switzerland, IN",178224
"18157","Tippecanoe, IN",4971926
"18159","Tipton, IN",310920
"18161","Union, IN",101191
"18163","Vanderburgh, IN",7137289
"18165","Vermillion, IN",534499
"18167","Vigo, IN",3211081
"18169","Wabash, IN",795364
"18171","Warren, IN",124857
"18173","Warrick, IN",1034611
"18175","Washington, IN",425269
"18177","Wayne, IN",2110603
"18179","Wells, IN",671632
"18181","White, IN",562740
"18183","Whitley, IN",651699
"19001","Adair, IA",197996
"19003","Adams, IA",107065
"19005","Allamakee, IA",369121
"19007","Appanoose, IA",252293
"19009","Audubon, IA",127637
"19011","Benton, IA",411084
"19013","Black Hawk, IA",4248475
"19015","Boone, IA",567833
"19017","Bremer, IA",594935
"19019","Buchanan, IA",392116
"19021","Buena Vista, IA",612049
"19023","Butler, IA",239425
"19025","Calhoun, IA",197003
"19027","Carroll, IA",654476
"19029","Cass, IA",320615
"19031","Cedar, IA",328468
"19033","Cerro Gordo, IA",1440804
"19035","Cherokee, IA",350791
"19037","Chickasaw, IA",271605
"19039","Clarke, IA",231495
"19041","Clay, IA",539386
"19043","Clayton, IA",388512
"19045","Clinton, IA",1666247
"19047","Crawford, IA",423962
"19049","Dallas, IA",863709
"19051","Davis, IA",133167
"19053","Decatur, IA",112221
"19055","Delaware, IA",385806
"19057","Des Moines, IA",1447447
"19059","Dickinson, IA",507858
"19061","Dubuque, IA",2901704
"19063","Emmet, IA",259362
"19065","Fayette, IA",407436
"19067","Floyd, IA",510917
"19069","Franklin, IA",254575
"19071","Fremont, IA",221386
"19073","Greene, IA",202930
"19075","Grundy, IA",293056
"19077","Guthrie, IA",190404
"19079","Hamilton, IA",496581
"19081","Hancock, IA",437682
"19083","Hardin, IA",541047
"19085","Harrison, IA",252778
"19087","Henry, IA",613316
"19089","Howard, IA",235658
"19091","Humboldt, IA",273319
"19093","Ida, IA",241711
"19095","Iowa, IA",601618
"19097","Jackson, IA",329454
"19099","Jasper, IA",1074306
"19101","Jefferson, IA",509252
"19103","Johnson, IA",4502831
"19105","Jones, IA",363188
"19107","Keokuk, IA",180398
"19109","Kossuth, IA",406015
"19111","Lee, IA",1208907
"19113","Linn, IA",8536898
"19115","Louisa, IA",416436
"19117","Lucas, IA",175573
"19119","Lyon, IA",288443
"19121","Madison, IA",211036
"19123","Mahaska, IA",447104
"19125","Marion, IA",1078480
"19127","Marshall, IA",1241477
"19129","Mills, IA",248692
"19131","Mitchell, IA",248705
"19133","Monona, IA",196265
"19135","Monroe, IA",229846
"19137","Montgomery, IA",283891
"19139","Muscatine, IA",1723676
"19141","O'Brien, IA",369261
"19143","Osceola, IA",202779
"19145","Page, IA",361792
"19147","Palo Alto, IA",235759
"19149","Plymouth, IA",710206
"19151","Pocahontas, IA",198994
"19153","Polk, IA",19817890
"19155","Pottawattamie, IA",2324895
"19157","Poweshiek, IA",631309
"19159","Ringgold, IA",79784
"19161","Sac, IA",238330
"19163","Scott, IA",5434139
"19165","Shelby, IA",286047
"19167","Sioux, IA",1000428
"19169","Story, IA",2465502
"19171","Tama, IA",331302
"19173","Taylor, IA",103858
"19175","Union, IA",321113
"19177","Van Buren, IA",117109
"19179","Wapello, IA",1082957
"19181","Warren, IA",530227
"19183","Washington, IA",423149
"19185","Wayne, IA",103272
"19187","Webster, IA",1569650
"19189","Winnebago, IA",274566
"19191","Winneshiek, IA",553125
"19193","Woodbury, IA",3473703
"19195","Worth, IA",119030
"19197","Wright, IA",393291
"20001","Allen, KS",331210
"20003","Anderson, KS",127248
"20005","Atchison, KS",456641
"20007","Barber, KS",114997
"20009","Barton, KS",663093
"20011","Bourbon, KS",394135
"20013","Brown, KS",259324
"20015","Butler, KS",1017410
"20017","Chase, KS",53175
"20019","Chautauqua, KS",47658
"20021","Cherokee, KS",376945
"20023","Cheyenne, KS",64016
"20025","Clark, KS",54605
"20027","Clay, KS",145909
"20029","Cloud, KS",214961
"20031","Coffey, KS",484975
"20033","Comanche, KS",45829
"20035","Cowley, KS",861914
"20037","Crawford, KS",918201
"20039","Decatur, KS",100072
"20041","Dickinson, KS",369047
"20043","Doniphan, KS",169717
"20045","Douglas, KS",2883570
"20047","Edwards, KS",92699
"20049","Elk, KS",42447
"20051","Ellis, KS",782009
"20053","Ellsworth, KS",136240
"20055","Finney, KS",1099241
"20057","Ford, KS",867163
"20059","Franklin, KS",487653
"20061","Geary, KS",1169629
"20063","Gove, KS",121966
"20065","Graham, KS",78519
"20067","Grant, KS",295303
"20069","Gray, KS",201466
"20071","Greeley, KS",75078
"20073","Greenwood, KS",108259
"20075","Hamilton, KS",116834
"20077","Harper, KS",114799
"20079","Harvey, KS",715324
"20081","Haskell, KS",221704
"20083","Hodgeman, KS",38939
"20085","Jackson, KS",227736
"20087","Jefferson, KS",196021
"20089","Jewell, KS",66402
"20091","Johnson, KS",22866300
"20093","Kearny, KS",141770
"20095","Kingman, KS",134625
"20097","Kiowa, KS",72986
"20099","Labette, KS",481085
"20101","Lane, KS",55248
"20103","Leavenworth, KS",1443417
"20105","Lincoln, KS",52092
"20107","Linn, KS",316520
"20109","Logan, KS",79307
"20111","Lyon, KS",905063
"20113","McPherson, KS",924945
"20115","Marion, KS",190899
"20117","Marshall, KS",262201
"20119","Meade, KS",88878
"20121","Miami, KS",440348
"20123","Mitchell, KS",189398
"20125","Montgomery, KS",924284
"20127","Morris, KS",97622
"20129","Morton, KS",116304
"20131","Nemaha, KS",237765
"20133","Neosho, KS",394614
"20135","Ness, KS",81988
"20137","Norton, KS",141707
"20139","Osage, KS",163359
"20141","Osborne, KS",91571
"20143","Ottawa, KS",76760
"20145","Pawnee, KS",185623
"20147","Phillips, KS",176766
"20149","Pottawatomie, KS",904011
"20151","Pratt, KS",228993
"20153","Rawlins, KS",84994
"20155","Reno, KS",1573430
"20157","Republic, KS",136679
"20159","Rice, KS",171390
"20161","Riley, KS",1466939
"20163","Rooks, KS",120435
"20165","Rush, KS",91577
"20167","Russell, KS",135662
"20169","Saline, KS",1828251
"20171","Scott, KS",191102
"20173","Sedgwick, KS",18114052
"20175","Seward, KS",650102
"20177","Shawnee, KS",6391101
"20179","Sheridan, KS",82469
"20181","Sherman, KS",169961
"20183","Smith, KS",96899
"20185","Stafford, KS",89498
"20187","Stanton, KS",80099
"20189","Stevens, KS",198557
"20191","Sumner, KS",364630
"20193","Thomas, KS",250927
"20195","Trego, KS",72268
"20197","Wabaunsee, KS",83804
"20199","Wallace, KS",44969
"20201","Washington, KS",102998
"20203","Wichita, KS",120354
"20205","Wilson, KS",215226
"20207","Woodson, KS",52514
"20209","Wyandotte, KS",5737286
"21001","Adair, KY",218939
"21003","Allen, KY",295322
"21005","Anderson, KY",274616
"21007","Ballard, KY",262166
"21009","Barren, KY",1037535
"21011","Bath, KY",118246
"21013","Bell, KY",549211
"21015","Boone, KY",4873192
"21017","Bourbon, KY",413741
"21019","Boyd, KY",1852646
"21021","Boyle, KY",916367
"21023","Bracken, KY",92727
"21025","Breathitt, KY",198137
"21027","Breckinridge, KY",186343
"21029","Bullitt, KY",708153
"21031","Butler, KY",214291
"21033","Caldwell, KY",251919
"21035","Calloway, KY",854490
"21037","Campbell, KY",1783156
"21039","Carlisle, KY",60604
"21041","Carroll, KY",642506
"21043","Carter, KY",314386
"21045","Casey, KY",185338
"21047","Christian, KY",2869216
"21049","Clark, KY",905290
"21051","Clay, KY",240241
"21053","Clinton, KY",233008
"21055","Crittenden, KY",123828
"21057","Cumberland, KY",99457
"21059","Daviess, KY",2578652
"21061","Edmonson, KY",94868
"21063","Elliott, KY",38051
"21065","Estill, KY",138796
"21067","Fayette, KY",11011224
"21069","Fleming, KY",207247
"21071","Floyd, KY",710562
"21073","Franklin, KY",1963358
"21075","Fulton, KY",177072
"21077","Gallatin, KY",149373
"21079","Garrard, KY",143011
"21081","Grant, KY",312007
"21083","Graves, KY",846641
"21085","Grayson, KY",403925
"21087","Green, KY",120652
"21089","Greenup, KY",991023
"21091","Hancock, KY",456763
"21093","Hardin, KY",2860077
"21095","Harlan, KY",570857
"21097","Harrison, KY",340885
"21099","Hart, KY",241956
"21101","Henderson, KY",1356896
"21103","Henry, KY",207456
"21105","Hickman, KY",90284
"21107","Hopkins, KY",1037951
"21109","Jackson, KY",152593
"21111","Jefferson, KY",32212551
"21113","Jessamine, KY",1017011
"21115","Johnson, KY",348214
"21117","Kenton, KY",3927470
"21119","Knott, KY",376881
"21121","Knox, KY",411708
"21123","Larue, KY",136883
"21125","Laurel, KY",1266514
"21127","Lawrence, KY",300235
"21129","Lee, KY",87698
"21131","Leslie, KY",215337
"21133","Letcher, KY",490008
"21135","Lewis, KY",114622
"21137","Lincoln, KY",243714
"21139","Livingston, KY",166500
"21141","Logan, KY",578419
"21143","Lyon, KY",150267
"21145","McCracken, KY",2716118
"21147","McCreary, KY",190377
"21149","McLean, KY",164993
"21151","Madison, KY",1523001
"21153","Magoffin, KY",130098
"21155","Marion, KY",330905
"21157","Marshall, KY",789231
"21159","Martin, KY",328517
"21161","Mason, KY",620629
"21163","Meade, KY",272263
"21165","Menifee, KY",53442
"21167","Mercer, KY",529672
"21169","Metcalfe, KY",129574
"21171","Monroe, KY",158393
"21173","Montgomery, KY",548302
"21175","Morgan, KY",170618
"21177","Muhlenberg, KY",823475
"21179","Nelson, KY",848353
"21181","Nicholas, KY",62937
"21183","Ohio, KY",416384
"21185","Oldham, KY",757786
"21187","Owen, KY",103445
"21189","Owsley, KY",36527
"21191","Pendleton, KY",196738
"21193","Perry, KY",849625
"21195","Pike, KY",1755881
"21197","Powell, KY",150112
"21199","Pulaski, KY",1273367
"21201","Robertson, KY",18255
"21203","Rockcastle, KY",174811
"21205","Rowan, KY",449687
"21207","Russell, KY",280794
"21209","Scott, KY",2325770
"21211","Shelby, KY",920402
"21213","Simpson, KY",469817
"21215","Spencer, KY",96303
"21217","Taylor, KY",461870
"21219","Todd, KY",216637
"21221","Trigg, KY",208064
"21223","Trimble, KY",112021
"21225","Union, KY",354379
"21227","Warren, KY",2977410
"21229","Washington, KY",177638
"21231","Wayne, KY",266245
"21233","Webster, KY",393518
"21235","Whitley, KY",649492
"21237","Wolfe, KY",66623
"21239","Woodford, KY",764040
"22001","Acadia, LA",914095
"22003","Allen, LA",444660
"22005","Ascension, LA",2424186
"22007","Assumption, LA",563040
"22009","Avoyelles, LA",526836
"22011","Beauregard, LA",662930
"22013","Bienville, LA",837589
"22015","Bossier, LA",2745048
"22017","Caddo, LA",7617107
"22019","Calcasieu, LA",7086611
"22021","Caldwell, LA",134304
"22023","Cameron, LA",845328
"22025","Catahoula, LA",143687
"22027","Claiborne, LA",546558
"22029","Concordia, LA",344831
"22031","De Soto, LA",884596
"22033","East Baton Rouge, LA",16104102
"22035","East Carroll, LA",110662
"22037","East Feliciana, LA",259025
"22039","Evangeline, LA",485346
"22041","Franklin, LA",274416
"22043","Grant, LA",184743
"22045","Iberia, LA",2343991
"22047","Iberville, LA",1604746
"22049","Jackson, LA",419131
"22051","Jefferson, LA",14643843
"22053","Jefferson Davis, LA",1121014
"22055","Lafayette, LA",8495834
"22057","Lafourche, LA",2590018
"22059","LaSalle, LA",305489
"22061","Lincoln, LA",1216750
"22063","Livingston, LA",915585
"22065","Madison, LA",205025
"22067","Morehouse, LA",538299
"22069","Natchitoches, LA",739980
"22071","Orleans, LA",17980945
"22073","Ouachita, LA",4326581
"22075","Plaquemines, LA",3049323
"22077","Pointe Coupee, LA",1276557
"22079","Rapides, LA",3351855
"22081","Red River, LA",147967
"22083","Richland, LA",296021
"22085","Sabine, LA",349406
"22087","St. Bernard, LA",1284687
"22089","St. Charles, LA",3225152
"22091","St. Helena, LA",107055
"22093","St. James, LA",666795
"22095","St. John the Baptist, LA",1092337
"22097","St. Landry, LA",1270621
"22099","St. Martin, LA",530740
"22101","St. Mary, LA",1854751
"22103","St. Tammany, LA",4091609
"22105","Tangipahoa, LA",1753245
"22107","Tensas, LA",95638
"22109","Terrebonne, LA",4540242
"22111","Union, LA",343769
"22113","Vermilion, LA",2052331
"22115","Vernon, LA",1295990
"22117","Washington, LA",650592
"22119","Webster, LA",1001806
"22121","West Baton Rouge, LA",811103
"22123","West Carroll, LA",153895
"22125","West Feliciana, LA",703206
"22127","Winn, LA",264035
"23001","Androscoggin, ME",2708485
"23003","Aroostook, ME",1660610
"23005","Cumberland, ME",12349927
"23007","Franklin, ME",827269
"23009","Hancock, ME",1657908
"23011","Kennebec, ME",3477149
"23013","Knox, ME",1207599
"23015","Lincoln, ME",714550
"23017","Oxford, ME",1207945
"23019","Penobscot, ME",4359246
"23021","Piscataquis, ME",332540
"23023","Sagadahoc, ME",967709
"23025","Somerset, ME",1182192
"23027","Waldo, ME",666161
"23029","Washington, ME",745327
"23031","York, ME",4434629
"24001","Allegany, MD",2054860
"24003","Anne Arundel, MD",20601759
"24005","Baltimore, MD",30537447
"24009","Calvert, MD",1907589
"24011","Caroline, MD",543468
"24013","Carroll, MD",3060491
"24015","Cecil, MD",1799445
"24017","Charles, MD",2893703
"24019","Dorchester, MD",830686
"24021","Frederick, MD",6061007
"24023","Garrett, MD",671961
"24025","Harford, MD",5500765
"24027","Howard, MD",11793263
"24029","Kent, MD",566371
"24031","Montgomery, MD",47257108
"24033","Prince George's, MD",25239484
"24035","Queen Anne's, MD",889805
"24037","St. Mary's, MD",2962055
"24039","Somerset, MD",473382
"24041","Talbot, MD",1224305
"24043","Washington, MD",4017086
"24045","Wicomico, MD",2527306
"24047","Worcester, MD",1612648
"24510","Baltimore (Independent City), MD",30541171
"25001","Barnstable, MA",8213196
"25003","Berkshire, MA",4324279
"25005","Bristol, MA",15699815
"25007","Dukes, MA",879027
"25009","Essex, MA",26224235
"25011","Franklin, MA",1943938
"25013","Hampden, MA",14326976
"25015","Hampshire, MA",4010411
"25017","Middlesex, MA",83412598
"25019","Nantucket, MA",884797
"25021","Norfolk, MA",31067265
"25023","Plymouth, MA",13423892
"25025","Suffolk, MA",68640829
"25027","Worcester, MA",24867162
"26001","Alcona, MI",143609
"26003","Alger, MI",216774
"26005","Allegan, MI",2633717
"26007","Alpena, MI",760727
"26009","Antrim, MI",417341
"26011","Arenac, MI",273458
"26013","Baraga, MI",180756
"26015","Barry, MI",867381
"26017","Bay, MI",2934798
"26019","Benzie, MI",360745
"26021","Berrien, MI",5051392
"26023","Branch, MI",974259
"26025","Calhoun, MI",4647083
"26027","Cass, MI",721989
"26029","Charlevoix, MI",756152
"26031","Cheboygan, MI",466180
"26033","Chippewa, MI",827592
"26035","Clare, MI",464662
"26037","Clinton, MI",1042695
"26039","Crawford, MI",299607
"26041","Delta, MI",923351
"26043","Dickinson, MI",824948
"26045","Eaton, MI",2562127
"26047","Emmet, MI",1043250
"26049","Genesee, MI",12494468
"26051","Gladwin, MI",329541
"26053","Gogebic, MI",326339
"26055","Grand Traverse, MI",2873342
"26057","Gratiot, MI",793797
"26059","Hillsdale, MI",1054477
"26061","Houghton, MI",717680
"26063","Huron, MI",839810
"26065","Ingham, MI",12607315
"26067","Ionia, MI",1077642
"26069","Iosco, MI",485037
"26071","Iron, MI",225735
"26073","Isabella, MI",1452337
"26075","Jackson, MI",3946866
"26077","Kalamazoo, MI",8501201
"26079","Kalkaska, MI",296285
"26081","Kent, MI",23956249
"26083","Keweenaw, MI",36504
"26085","Lake, MI",144869
"26087","Lapeer, MI",1505908
"26089","Leelanau, MI",428641
"26091","Lenawee, MI",2145157
"26093","Livingston, MI",4127461
"26095","Luce, MI",131768
"26097","Mackinac, MI",301841
"26099","Macomb, MI",26738401
"26101","Manistee, MI",543926
"26103","Marquette, MI",1765428
"26105","Mason, MI",655679
"26107","Mecosta, MI",703695
"26109","Menominee, MI",516610
"26111","Midland, MI",3414414
"26113","Missaukee, MI",176303
"26115","Monroe, MI",4420976
"26117","Montcalm, MI",1284319
"26119","Montmorency, MI",169933
"26121","Muskegon, MI",4238786
"26123","Newaygo, MI",791671
"26125","Oakland, MI",74035848
"26127","Oceana, MI",460652
"26129","Ogemaw, MI",370895
"26131","Ontonagon, MI",144313
"26133","Osceola, MI",550871
"26135","Oscoda, MI",143680
"26137","Otsego, MI",1194683
"26139","Ottawa, MI",8837403
"26141","Presque Isle, MI",228124
"26143","Roscommon, MI",447236
"26145","Saginaw, MI",6601325
"26147","St. Clair, MI",3868464
"26149","St. Joseph, MI",1553906
"26151","Sanilac, MI",757941
"26153","Schoolcraft, MI",175796
"26155","Shiawassee, MI",1123797
"26157","Tuscola, MI",992537
"26159","Van Buren, MI",1508004
"26161","Washtenaw, MI",15618109
"26163","Wayne, MI",73538320
"26165","Wexford, MI",875751
"27001","Aitkin, MN",264450
"27003","Anoka, MN",7725074
"27005","Becker, MN",688387
"27007","Beltrami, MN",931393
"27009","Benton, MN",947029
"27011","Big Stone, MN",103959
"27013","Blue Earth, MN",2097476
"27015","Brown, MN",891910
"27017","Carlton, MN",817984
"27019","Carver, MN",2245420
"27021","Cass, MN",547156
"27023","Chippewa, MN",367156
"27025","Chisago, MN",861063
"27027","Clay, MN",999688
"27029","Clearwater, MN",154665
"27031","Cook, MN",180856
"27033","Cottonwood, MN",322137
"27035","Crow Wing, MN",1700124
"27037","Dakota, MN",12205367
"27039","Dodge, MN",360275
"27041","Douglas, MN",976832
"27043","Faribault, MN",371390
"27045","Fillmore, MN",438020
"27047","Freeborn, MN",725400
"27049","Goodhue, MN",1806405
"27051","Grant, MN",169157
"27053","Hennepin, MN",76542824
"27055","Houston, MN",319832
"27057","Hubbard, MN",407619
"27059","Isanti, MN",569824
"27061","Itasca, MN",1296503
"27063","Jackson, MN",271663
"27065","Kanabec, MN",251122
"27067","Kandiyohi, MN",1194701
"27069","Kittson, MN",104945
"27071","Koochiching, MN",425200
"27073","Lac qui Parle, MN",174882
"27075","Lake, MN",302977
"27077","Lake of the Woods, MN",106195
"27079","Le Sueur, MN",525855
"27081","Lincoln, MN",138038
"27083","Lyon, MN",967895
"27085","McLeod, MN",1087261
"27087","Mahnomen, MN",105350
"27089","Marshall, MN",157500
"27091","Martin, MN",630352
"27093","Meeker, MN",432907
"27095","Mille Lacs, MN",524800
"27097","Morrison, MN",629197
"27099","Mower, MN",1015406
"27101","Murray, MN",221471
"27103","Nicollet, MN",855966
"27105","Nobles, MN",627473
"27107","Norman, MN",183680
"27109","Olmsted, MN",5546227
"27111","Otter Tail, MN",1357791
"27113","Pennington, MN",447697
"27115","Pine, MN",436284
"27117","Pipestone, MN",321623
"27119","Polk, MN",659814
"27121","Pope, MN",218188
"27123","Ramsey, MN",25125845
"27125","Red Lake, MN",73155
"27127","Redwood, MN",459279
"27129","Renville, MN",438621
"27131","Rice, MN",1439148
"27133","Rock, MN",290807
"27135","Roseau, MN",501315
"27137","St. Louis, MN",5988419
"27139","Scott, MN",2733416
"27141","Sherburne, MN",1967601
"27143","Sibley, MN",263962
"27145","Stearns, MN",4690907
"27147","Steele, MN",1266052
"27149","Stevens, MN",373265
"27151","Swift, MN",262805
"27153","Todd, MN",373126
"27155","Traverse, MN",85880
"27157","Wabasha, MN",477056
"27159","Wadena, MN",330187
"27161","Waseca, MN",526395
"27163","Washington, MN",5311618
"27165","Watonwan, MN",324952
"27167","Wilkin, MN",178552
"27169","Winona, MN",1444387
"27171","Wright, MN",2105124
"27173","Yellow Medicine, MN",292545
"28001","Adams, MS",760990
"28003","Alcorn, MS",759954
"28005","Amite, MS",155890
"28007","Attala, MS",327400
"28009","Benton, MS",78979
"28011","Bolivar, MS",819976
"28013","Calhoun, MS",216762
"28015","Carroll, MS",90195
"28017","Chickasaw, MS",355548
"28019","Choctaw, MS",118922
"28021","Claiborne, MS",510010
"28023","Clarke, MS",218563
"28025","Clay, MS",491284
"28027","Coahoma, MS",592030
"28029","Copiah, MS",397529
"28031","Covington, MS",334106
"28033","DeSoto, MS",2240510
"28035","Forrest, MS",2043659
"28037","Franklin, MS",105877
"28039","George, MS",202145
"28041","Greene, MS",106885
"28043","Grenada, MS",586510
"28045","Hancock, MS",954270
"28047","Harrison, MS",6019403
"28049","Hinds, MS",9526633
"28051","Holmes, MS",203498
"28053","Humphreys, MS",177013
"28055","Issaquena, MS",24843
"28057","Itawamba, MS",299921
"28059","Jackson, MS",3393580
"28061","Jasper, MS",281895
"28063","Jefferson, MS",93484
"28065","Jefferson Davis, MS",144771
"28067","Jones, MS",1585997
"28069","Kemper, MS",104283
"28071","Lafayette, MS",929878
"28073","Lamar, MS",803299
"28075","Lauderdale, MS",2117156
"28077","Lawrence, MS",238749
"28079","Leake, MS",337397
"28081","Lee, MS",3098155
"28083","Leflore, MS",824865
"28085","Lincoln, MS",766210
"28087","Lowndes, MS",1671325
"28089","Madison, MS",2199914
"28091","Marion, MS",391190
"28093","Marshall, MS",378754
"28095","Monroe, MS",721682
"28097","Montgomery, MS",148353
"28099","Neshoba, MS",717647
"28101","Newton, MS",336802
"28103","Noxubee, MS",202794
"28105","Oktibbeha, MS",955870
"28107","Panola, MS",671715
"28109","Pearl River, MS",564860
"28111","Perry, MS",194057
"28113","Pike, MS",785010
"28115","Pontotoc, MS",540916
"28117","Prentiss, MS",442863
"28119","Quitman, MS",131200
"28121","Rankin, MS",3255753
"28123","Scott, MS",604885
"28125","Sharkey, MS",86046
"28127","Simpson, MS",385124
"28129","Smith, MS",277516
"28131","Stone, MS",176453
"28133","Sunflower, MS",576147
"28135","Tallahatchie, MS",159743
"28137","Tate, MS",369136
"28139","Tippah, MS",398440
"28141","Tishomingo, MS",305079
"28143","Tunica, MS",820378
"28145","Union, MS",504228
"28147","Walthall, MS",169839
"28149","Warren, MS",1588390
"28151","Washington, MS",1366984
"28153","Wayne, MS",341596
"28155","Webster, MS",135529
"28157","Wilkinson, MS",127027
"28159","Winston, MS",310894
"28161","Yalobusha, MS",181329
"28163","Yazoo, MS",502047
"29001","Adair, MO",578205
"29003","Andrew, MO",161322
"29005","Atchison, MO",134551
"29007","Audrain, MO",641328
"29009","Barry, MO",872846
"29011","Barton, MO",276395
"29013","Bates, MO",279129
"29015","Benton, MO",229183
"29017","Bollinger, MO",128472
"29019","Boone, MO",4674059
"29021","Buchanan, MO",2815966
"29023","Butler, MO",1019503
"29025","Caldwell, MO",126226
"29027","Callaway, MO",1027447
"29029","Camden, MO",954592
"29031","Cape Girardeau, MO",2411324
"29033","Carroll, MO",183367
"29035","Carter, MO",104830
"29037","Cass, MO",1294925
"29039","Cedar, MO",182685
"29041","Chariton, MO",160907
"29043","Christian, MO",760845
"29045","Clark, MO",81576
"29047","Clay, MO",7747500
"29049","Clinton, MO",281500
"29051","Cole, MO",3008964
"29053","Cooper, MO",325834
"29055","Crawford, MO",373548
"29057","Dade, MO",102017
"29059","Dallas, MO",168225
"29061","Daviess, MO",117007
"29063","DeKalb, MO",170717
"29065","Dent, MO",235326
"29067","Douglas, MO",163480
"29069","Dunklin, MO",590734
"29071","Franklin, MO",2625220
"29073","Gasconade, MO",293005
"29075","Gentry, MO",123605
"29077","Greene, MO",9183502
"29079","Grundy, MO",242587
"29081","Harrison, MO",172300
"29083","Henry, MO",534206
"29085","Hickory, MO",77271
"29087","Holt, MO",126503
"29089","Howard, MO",143367
"29091","Howell, MO",782977
"29093","Iron, MO",203304
"29095","Jackson, MO",30329890
"29097","Jasper, MO",3566215
"29099","Jefferson, MO",2934479
"29101","Johnson, MO",1006759
"29103","Knox, MO",93998
"29105","Laclede, MO",727776
"29107","Lafayette, MO",543195
"29109","Lawrence, MO",515776
"29111","Lewis, MO",150379
"29113","Lincoln, MO",567240
"29115","Linn, MO",273840
"29117","Livingston, MO",348761
"29119","McDonald, MO",415005
"29121","Macon, MO",323175
"29123","Madison, MO",148076
"29125","Maries, MO",115022
"29127","Marion, MO",795077
"29129","Mercer, MO",71982
"29131","Miller, MO",410279
"29133","Mississippi, MO",245104
"29135","Moniteau, MO",239212
"29137","Monroe, MO",173370
"29139","Montgomery, MO",211464
"29141","Morgan, MO",280876
"29143","New Madrid, MO",807389
"29145","Newton, MO",1125756
"29147","Nodaway, MO",515843
"29149","Oregon, MO",139829
"29151","Osage, MO",194287
"29153","Ozark, MO",105910
"29155","Pemiscot, MO",343604
"29157","Perry, MO",502989
"29159","Pettis, MO",1089125
"29161","Phelps, MO",954228
"29163","Pike, MO",351088
"29165","Platte, MO",2829789
"29167","Polk, MO",422337
"29169","Pulaski, MO",1109984
"29171","Putnam, MO",63295
"29173","Ralls, MO",225247
"29175","Randolph, MO",754438
"29177","Ray, MO",288883
"29179","Reynolds, MO",130881
"29181","Ripley, MO",142513
"29183","St. Charles, MO",7064031
"29185","St. Clair, MO",127229
"29186","Ste. Genevieve, MO",382564
"29187","St. Francois, MO",970869
"29189","St. Louis, MO",50638042
"29195","Saline, MO",540356
"29197","Schuyler, MO",48677
"29199","Scotland, MO",82389
"29201","Scott, MO",913883
"29203","Shannon, MO",101292
"29205","Shelby, MO",135060
"29207","Stoddard, MO",635370
"29209","Stone, MO",437060
"29211","Sullivan, MO",176084
"29213","Taney, MO",1539447
"29215","Texas, MO",351104
"29217","Vernon, MO",437998
"29219","Warren, MO",374111
"29221","Washington, MO",250790
"29223","Wayne, MO",139687
"29225","Webster, MO",385737
"29227","Worth, MO",33848
"29229","Wright, MO",260616
"29510","St. Louis (Independent City), MO",21067811
"30001","Beaverhead, MT",216481
"30003","Big Horn, MT",329761
"30005","Blaine, MT",106663
"30007","Broadwater, MT",73610
"30009","Carbon, MT",145039
"30011","Carter, MT",32001
"30013","Cascade, MT",2043342
"30015","Chouteau, MT",68232
"30017","Custer, MT",245796
"30019","Daniels, MT",59254
"30021","Dawson, MT",225342
"30023","Deer Lodge, MT",141031
"30025","Fallon, MT",93136
"30027","Fergus, MT",255022
"30029","Flathead, MT",1970502
"30031","Gallatin, MT",1788163
"30033","Garfield, MT",33005
"30035","Glacier, MT",244709
"30037","Golden Valley, MT",10803
"30039","Granite, MT",43423
"30041","Hill, MT",354374
"30043","Jefferson, MT",148306
"30045","Judith Basin, MT",36139
"30047","Lake, MT",426093
"30049","Lewis and Clark, MT",1687624
"30051","Liberty, MT",31419
"30053","Lincoln, MT",299486
"30055","McCone, MT",56002
"30057","Madison, MT",140927
"30059","Meagher, MT",33911
"30061","Mineral, MT",54635
"30063","Missoula, MT",2772924
"30065","Musselshell, MT",54309
"30067","Park, MT",283688
"30069","Petroleum, MT",8760
"30071","Phillips, MT",92097
"30073","Pondera, MT",102151
"30075","Powder River, MT",34024
"30077","Powell, MT",117187
"30079","Prairie, MT",27605
"30081","Ravalli, MT",539468
"30083","Richland, MT",247432
"30085","Roosevelt, MT",191992
"30087","Rosebud, MT",732474
"30089","Sanders, MT",171845
"30091","Sheridan, MT",89081
"30093","Silver Bow, MT",781327
"30095","Stillwater, MT",297645
"30097","Sweet Grass, MT",116917
"30099","Teton, MT",118525
"30101","Toole, MT",124897
"30103","Treasure, MT",41368
"30105","Valley, MT",179330
"30107","Wheatland, MT",31424
"30109","Wibaux, MT",22577
"30111","Yellowstone, MT",4220031
"31001","Adams, NE",948865
"31003","Antelope, NE",170022
"31005","Arthur, NE",5182
"31007","Banner, NE",13110
"31009","Blaine, NE",13445
"31011","Boone, NE",165115
"31013","Box Butte, NE",336300
"31015","Boyd, NE",40996
"31017","Brown, NE",60087
"31019","Buffalo, NE",1408155
"31021","Burt, NE",138174
"31023","Butler, NE",158051
"31025","Cass, NE",352771
"31027","Cedar, NE",208978
"31029","Chase, NE",114924
"31031","Cherry, NE",115330
"31033","Cheyenne, NE",321744
"31035","Clay, NE",163300
"31037","Colfax, NE",295937
"31039","Cuming, NE",346907
"31041","Custer, NE",294270
"31043","Dakota, NE",1062509
"31045","Dawes, NE",191863
"31047","Dawson, NE",724135
"31049","Deuel, NE",45161
"31051","Dixon, NE",118868
"31053","Dodge, NE",1041492
"31055","Douglas, NE",22515157
"31057","Dundy, NE",49069
"31059","Fillmore, NE",172442
"31061","Franklin, NE",55329
"31063","Frontier, NE",75646
"31065","Furnas, NE",132631
"31067","Gage, NE",582179
"31069","Garden, NE",38515
"31071","Garfield, NE",38044
"31073","Gosper, NE",42874
"31075","Grant, NE",10572
"31077","Greeley, NE",52165
"31079","Hall, NE",1730631
"31081","Hamilton, NE",221958
"31083","Harlan, NE",65320
"31085","Hayes, NE",23691
"31087","Hitchcock, NE",56200
"31089","Holt, NE",240339
"31091","Hooker, NE",14168
"31093","Howard, NE",99190
"31095","Jefferson, NE",219138
"31097","Johnson, NE",87177
"31099","Kearney, NE",177901
"31101","Keith, NE",200917
"31103","Keya Paha, NE",13373
"31105","Kimball, NE",89680
"31107","Knox, NE",180216
"31109","Lancaster, NE",9872478
"31111","Lincoln, NE",1205925
"31113","Logan, NE",15685
"31115","Loup, NE",6299
"31117","McPherson, NE",5190
"31119","Madison, NE",1250238
"31121","Merrick, NE",149205
"31123","Morrill, NE",96732
"31125","Nance, NE",66107
"31127","Nemaha, NE",376320
"31129","Nuckolls, NE",108009
"31131","Otoe, NE",470237
"31133","Pawnee, NE",53536
"31135","Perkins, NE",99443
"31137","Phelps, NE",406533
"31139","Pierce, NE",138635
"31141","Platte, NE",1072748
"31143","Polk, NE",137595
"31145","Red Willow, NE",298378
"31147","Richardson, NE",217352
"31149","Rock, NE",38825
"31151","Saline, NE",391644
"31153","Sarpy, NE",3333828
"31155","Saunders, NE",303060
"31157","Scotts Bluff, NE",963163
"31159","Seward, NE",389870
"31161","Sheridan, NE",106852
"31163","Sherman, NE",50607
"31165","Sioux, NE",17750
"31167","Stanton, NE",113708
"31169","Thayer, NE",169584
"31171","Thomas, NE",14283
"31173","Thurston, NE",163874
"31175","Valley, NE",111230
"31177","Washington, NE",591354
"31179","Wayne, NE",220352
"31181","Webster, NE",86218
"31183","Wheeler, NE",40719
"31185","York, NE",404593
"32001","Churchill, NV",632417
"32003","Clark, NV",56062526
"32005","Douglas, NV",1396490
"32007","Elko, NV",1268719
"32009","Esmeralda, NV",23086
"32011","Eureka, NV",515492
"32013","Humboldt, NV",584104
"32015","Lander, NV",254246
"32017","Lincoln, NV",115408
"32019","Lyon, NV",751490
"32021","Mineral, NV",121227
"32023","Nye, NV",724912
"32027","Pershing, NV",147861
"32029","Storey, NV",151425
"32031","Washoe, NV",15148295
"32033","White Pine, NV",236126
"32510","Carson City (Independent City), NV",2246344
"33001","Belknap, NH",1914467
"33003","Carroll, NH",1456135
"33005","Cheshire, NH",2157456
"33007","Coos, NH",882198
"33009","Grafton, NH",3622446
"33011","Hillsborough, NH",15138432
"33013","Merrimack, NH",6285767
"33015","Rockingham, NH",10826571
"33017","Strafford, NH",3356765
"33019","Sullivan, NH",985606
"34001","Atlantic, NJ",10377513
"34003","Bergen, NJ",48388525
"34005","Burlington, NJ",16341109
"34007","Camden, NJ",15965864
"34009","Cape May, NJ",3364080
"34011","Cumberland, NJ",4111039
"34013","Essex, NJ",37022290
"34015","Gloucester, NJ",7629340
"34017","Hudson, NJ",25432286
"34019","Hunterdon, NJ",4974265
"34021","Mercer, NJ",19020447
"34023","Middlesex, NJ",38681772
"34025","Monmouth, NJ",22308395
"34027","Morris, NJ",33222245
"34029","Ocean, NJ",11491504
"34031","Passaic, NJ",15117381
"34033","Salem, NJ",3859626
"34035","Somerset, NJ",19729374
"34037","Sussex, NJ",3011254
"34039","Union, NJ",30421970
"34041","Warren, NJ",3129758
"35001","Bernalillo, NM",22343773
"35003","Catron, NM",57888
"35005","Chaves, NM",1353080
"35006","Cibola, NM",397150
"35007","Colfax, NM",347717
"35009","Curry, NM",1310820
"35011","De Baca, NM",46190
"35013","Doa Ana, NM",3914249
"35015","Eddy, NM",2142469
"35017","Grant, NM",577782
"35019","Guadalupe, NM",77166
"35021","Harding, NM",67802
"35023","Hidalgo, NM",89280
"35025","Lea, NM",1929993
"35027","Lincoln, NM",394398
"35028","Los Alamos, NM",1600675
"35029","Luna, NM",397162
"35031","McKinley, NM",1711069
"35033","Mora, NM",59739
"35035","Otero, NM",1551930
"35037","Quay, NM",192921
"35039","Rio Arriba, NM",1035695
"35041","Roosevelt, NM",362359
"35043","Sandoval, NM",2789493
"35045","San Juan, NM",4202742
"35047","San Miguel, NM",460986
"35049","Santa Fe, NM",4229692
"35051","Sierra, NM",197372
"35053","Socorro, NM",303163
"35055","Taos, NM",627457
"35057","Torrance, NM",218767
"35059","Union, NM",243012
"35061","Valencia, NM",736359
"36001","Albany, NY",17734525
"36003","Allegany, NY",846617
"36005","Bronx, NY",22959771
"36007","Broome, NY",6279871
"36009","Cattaraugus, NY",1907886
"36011","Cayuga, NY",1611116
"36013","Chautauqua, NY",3622615
"36015","Chemung, NY",2432713
"36017","Chenango, NY",1202114
"36019","Clinton, NY",2402769
"36021","Columbia, NY",1495853
"36023","Cortland, NY",1095789
"36025","Delaware, NY",1108472
"36027","Dutchess, NY",8401267
"36029","Erie, NY",31413428
"36031","Essex, NY",915655
"36033","Franklin, NY",1016605
"36035","Fulton, NY",1169912
"36037","Genesee, NY",1553935
"36039","Greene, NY",942616
"36041","Hamilton, NY",104281
"36043","Herkimer, NY",1276458
"36045","Jefferson, NY",3319998
"36047","Kings, NY",42689487
"36049","Lewis, NY",479471
"36051","Livingston, NY",1156753
"36053","Madison, NY",1381611
"36055","Monroe, NY",31968836
"36057","Montgomery, NY",1141029
"36059","Nassau, NY",56332796
"36061","New York, NY",369778965
"36063","Niagara, NY",6408360
"36065","Oneida, NY",6529374
"36067","Onondaga, NY",17964192
"36069","Ontario, NY",3002272
"36071","Orange, NY",9255941
"36073","Orleans, NY",754955
"36075","Oswego, NY",4204087
"36077","Otsego, NY",1409132
"36079","Putnam, NY",2054727
"36081","Queens, NY",50869878
"36083","Rensselaer, NY",3521107
"36085","Richmond, NY",8372166
"36087","Rockland, NY",11618926
"36089","St. Lawrence, NY",2820739
"36091","Saratoga, NY",5179856
"36093","Schenectady, NY",5462228
"36095","Schoharie, NY",631813
"36097","Schuyler, NY",285601
"36099","Seneca, NY",649736
"36101","Steuben, NY",2982494
"36103","Suffolk, NY",49109523
"36105","Sullivan, NY",1611137
"36107","Tioga, NY",901165
"36109","Tompkins, NY",3344755
"36111","Ulster, NY",3838128
"36113","Warren, NY",2095087
"36115","Washington, NY",1071040
"36117","Wayne, NY",2301783
"36119","Westchester, NY",44486626
"36121","Wyoming, NY",814309
"36123","Yates, NY",486315
"37001","Alamance, NC",3700284
"37003","Alexander, NC",561843
"37005","Alleghany, NC",223863
"37007","Anson, NC",560217
"37009","Ashe, NC",512441
"37011","Avery, NC",408620
"37013","Beaufort, NC",1297405
"37015","Bertie, NC",699461
"37017","Bladen, NC",1628839
"37019","Brunswick, NC",2278098
"37021","Buncombe, NC",6713576
"37023","Burke, NC",2179849
"37025","Cabarrus, NC",5005944
"37027","Caldwell, NC",1871648
"37029","Camden, NC",104655
"37031","Carteret, NC",1312277
"37033","Caswell, NC",234092
"37035","Catawba, NC",6197207
"37037","Chatham, NC",1276799
"37039","Cherokee, NC",505734
"37041","Chowan, NC",362625
"37043","Clay, NC",128076
"37045","Cleveland, NC",2384738
"37047","Columbus, NC",1072307
"37049","Craven, NC",2905894
"37051","Cumberland, NC",9003221
"37053","Currituck, NC",317434
"37055","Dare, NC",1416187
"37057","Davidson, NC",2975721
"37059","Davie, NC",671734
"37061","Duplin, NC",1811091
"37063","Durham, NC",15780413
"37065","Edgecombe, NC",1706122
"37067","Forsyth, NC",15958696
"37069","Franklin, NC",733956
"37071","Gaston, NC",4739738
"37073","Gates, NC",115977
"37075","Graham, NC",147835
"37077","Granville, NC",1563052
"37079","Greene, NC",274248
"37081","Guilford, NC",21863627
"37083","Halifax, NC",1030657
"37085","Harnett, NC",1416734
"37087","Haywood, NC",1039545
"37089","Henderson, NC",2313473
"37091","Hertford, NC",532145
"37093","Hoke, NC",615426
"37095","Hyde, NC",129520
"37097","Iredell, NC",3976303
"37099","Jackson, NC",761577
"37101","Johnston, NC",2917156
"37103","Jones, NC",165176
"37105","Lee, NC",1938458
"37107","Lenoir, NC",1849169
"37109","Lincoln, NC",1200989
"37111","McDowell, NC",1263887
"37113","Macon, NC",673083
"37115","Madison, NC",275891
"37117","Martin, NC",672155
"37119","Mecklenburg, NC",46095322
"37121","Mitchell, NC",342331
"37123","Montgomery, NC",595750
"37125","Moore, NC",1930475
"37127","Nash, NC",3069261
"37129","New Hanover, NC",6072733
"37131","Northampton, NC",392232
"37133","Onslow, NC",3850822
"37135","Orange, NC",4225971
"37137","Pamlico, NC",172862
"37139","Pasquotank, NC",874043
"37141","Pender, NC",565313
"37143","Perquimans, NC",138039
"37145","Person, NC",1356803
"37147","Pitt, NC",4206665
"37149","Polk, NC",311683
"37151","Randolph, NC",3001276
"37153","Richmond, NC",1063258
"37155","Robeson, NC",2896708
"37157","Rockingham, NC",2463285
"37159","Rowan, NC",3278265
"37161","Rutherford, NC",1413482
"37163","Sampson, NC",1521509
"37165","Scotland, NC",979193
"37167","Stanly, NC",1190187
"37169","Stokes, NC",906235
"37171","Surry, NC",1920899
"37173","Swain, NC",295742
"37175","Transylvania, NC",758523
"37177","Tyrrell, NC",78879
"37179","Union, NC",3581357
"37181","Vance, NC",1115255
"37183","Wake, NC",30440077
"37185","Warren, NC",230671
"37187","Washington, NC",193965
"37189","Watauga, NC",1154741
"37191","Wayne, NC",3317185
"37193","Wilkes, NC",2052739
"37195","Wilson, NC",3312556
"37197","Yadkin, NC",585041
"37199","Yancey, NC",256612
"38001","Adams, ND",58093
"38003","Barnes, ND",256827
"38005","Benson, ND",94388
"38007","Billings, ND",25286
"38009","Bottineau, ND",138068
"38011","Bowman, ND",93637
"38013","Burke, ND",38777
"38015","Burleigh, ND",2391280
"38017","Cass, ND",5109415
"38019","Cavalier, ND",111019
"38021","Dickey, ND",119310
"38023","Divide, ND",51596
"38025","Dunn, ND",59220
"38027","Eddy, ND",38482
"38029","Emmons, ND",79852
"38031","Foster, ND",96204
"38033","Golden Valley, ND",31348
"38035","Grand Forks, ND",1923324
"38037","Grant, ND",55467
"38039","Griggs, ND",57667
"38041","Hettinger, ND",73609
"38043","Kidder, ND",50934
"38045","LaMoure, ND",97210
"38047","Logan, ND",53795
"38049","McHenry, ND",81743
"38051","McIntosh, ND",73985
"38053","McKenzie, ND",137315
"38055","McLean, ND",301567
"38057","Mercer, ND",524714
"38059","Morton, ND",573443
"38061","Mountrail, ND",128571
"38063","Nelson, ND",68232
"38065","Oliver, ND",109960
"38067","Pembina, ND",297578
"38069","Pierce, ND",95382
"38071","Ramsey, ND",294034
"38073","Ransom, ND",134400
"38075","Renville, ND",50720
"38077","Richland, ND",458508
"38079","Rolette, ND",233924
"38081","Sargent, ND",233119
"38083","Sheridan, ND",22157
"38085","Sioux, ND",73878
"38087","Slope, ND",21050
"38089","Stark, ND",578844
"38091","Steele, ND",46551
"38093","Stutsman, ND",598904
"38095","Towner, ND",52130
"38097","Traill, ND",175228
"38099","Walsh, ND",290687
"38101","Ward, ND",1611152
"38103","Wells, ND",90698
"38105","Williams, ND",497281
"39001","Adams, OH",1093495
"39003","Allen, OH",3812931
"39005","Ashland, OH",1174248
"39007","Ashtabula, OH",2142279
"39009","Athens, OH",1260568
"39011","Auglaize, OH",1294629
"39013","Belmont, OH",1448057
"39015","Brown, OH",496106
"39017","Butler, OH",9246764
"39019","Carroll, OH",423109
"39021","Champaign, OH",811146
"39023","Clark, OH",3524846
"39025","Clermont, OH",4439366
"39027","Clinton, OH",1634925
"39029","Columbiana, OH",2007826
"39031","Coshocton, OH",1159053
"39033","Crawford, OH",1115782
"39035","Cuyahoga, OH",63234125
"39037","Darke, OH",1280500
"39039","Defiance, OH",1242705
"39041","Delaware, OH",3137497
"39043","Erie, OH",3748101
"39045","Fairfield, OH",2285353
"39047","Fayette, OH",661755
"39049","Franklin, OH",53302963
"39051","Fulton, OH",1397767
"39053","Gallia, OH",1637204
"39055","Geauga, OH",2301230
"39057","Greene, OH",4609882
"39059","Guernsey, OH",888496
"39061","Hamilton, OH",47351015
"39063","Hancock, OH",2987003
"39065","Hardin, OH",613628
"39067","Harrison, OH",271501
"39069","Henry, OH",1278125
"39071","Highland, OH",738713
"39073","Hocking, OH",420787
"39075","Holmes, OH",1123755
"39077","Huron, OH",1722298
"39079","Jackson, OH",730500
"39081","Jefferson, OH",2391239
"39083","Knox, OH",1129681
"39085","Lake, OH",7149912
"39087","Lawrence, OH",679748
"39089","Licking, OH",4015466
"39091","Logan, OH",1457915
"39093","Lorain, OH",7280060
"39095","Lucas, OH",17230762
"39097","Madison, OH",862209
"39099","Mahoning, OH",6732118
"39101","Marion, OH",1884627
"39103","Medina, OH",3631884
"39105","Meigs, OH",349252
"39107","Mercer, OH",992442
"39109","Miami, OH",2788444
"39111","Monroe, OH",290581
"39113","Montgomery, OH",21289769
"39115","Morgan, OH",196846
"39117","Morrow, OH",415488
"39119","Muskingum, OH",2324961
"39121","Noble, OH",226199
"39123","Ottawa, OH",1260206
"39125","Paulding, OH",344703
"39127","Perry, OH",439958
"39129","Pickaway, OH",1180410
"39131","Pike, OH",860603
"39133","Portage, OH",3684797
"39135","Preble, OH",771587
"39137","Putnam, OH",774902
"39139","Richland, OH",3843042
"39141","Ross, OH",1835592
"39143","Sandusky, OH",1672051
"39145","Scioto, OH",1445810
"39147","Seneca, OH",1337087
"39149","Shelby, OH",1976776
"39151","Stark, OH",10953318
"39153","Summit, OH",18315611
"39155","Trumbull, OH",6439786
"39157","Tuscarawas, OH",2144497
"39159","Union, OH",2552691
"39161","Van Wert, OH",752231
"39163","Vinton, OH",152591
"39165","Warren, OH",4423898
"39167","Washington, OH",1942945
"39169","Wayne, OH",3450781
"39171","Williams, OH",1157099
"39173","Wood, OH",3968303
"39175","Wyandot, OH",659114
"40001","Adair, OK",295840
"40003","Alfalfa, OK",119693
"40005","Atoka, OK",178303
"40007","Beaver, OK",131210
"40009","Beckham, OK",454835
"40011","Blaine, OK",177013
"40013","Bryan, OK",618312
"40015","Caddo, OK",493334
"40017","Canadian, OK",1647596
"40019","Carter, OK",1254456
"40021","Cherokee, OK",613803
"40023","Choctaw, OK",298171
"40025","Cimarron, OK",64398
"40027","Cleveland, OK",3585444
"40029","Coal, OK",65975
"40031","Comanche, OK",2781546
"40033","Cotton, OK",67900
"40035","Craig, OK",319937
"40037","Creek, OK",1042115
"40039","Custer, OK",537157
"40041","Delaware, OK",480407
"40043","Dewey, OK",74476
"40045","Ellis, OK",64851
"40047","Garfield, OK",1434727
"40049","Garvin, OK",530282
"40051","Grady, OK",751679
"40053","Grant, OK",87082
"40055","Greer, OK",98951
"40057","Harmon, OK",52490
"40059","Harper, OK",102736
"40061","Haskell, OK",191508
"40063","Hughes, OK",184986
"40065","Jackson, OK",670327
"40067","Jefferson, OK",80221
"40069","Johnston, OK",171164
"40071","Kay, OK",1792667
"40073","Kingfisher, OK",409418
"40075","Kiowa, OK",168868
"40077","Latimer, OK",300815
"40079","Le Flore, OK",704578
"40081","Lincoln, OK",378161
"40083","Logan, OK",343469
"40085","Love, OK",122687
"40087","McClain, OK",375868
"40089","McCurtain, OK",669006
"40091","McIntosh, OK",212050
"40093","Major, OK",151174
"40095","Marshall, OK",220799
"40097","Mayes, OK",982084
"40099","Murray, OK",197280
"40101","Muskogee, OK",2027069
"40103","Noble, OK",457094
"40105","Nowata, OK",107411
"40107","Okfuskee, OK",135018
"40109","Oklahoma, OK",28502342
"40111","Okmulgee, OK",553324
"40113","Osage, OK",408639
"40115","Ottawa, OK",490744
"40117","Pawnee, OK",194295
"40119","Payne, OK",1636863
"40121","Pittsburg, OK",816622
"40123","Pontotoc, OK",786923
"40125","Pottawatomie, OK",1263062
"40127","Pushmataha, OK",135794
"40129","Roger Mills, OK",54064
"40131","Rogers, OK",1704697
"40133","Seminole, OK",508342
"40135","Sequoyah, OK",468636
"40137","Stephens, OK",918587
"40139","Texas, OK",821941
"40141","Tillman, OK",137479
"40143","Tulsa, OK",24345508
"40145","Wagoner, OK",486172
"40147","Washington, OK",2221996
"40149","Washita, OK",138467
"40151","Woods, OK",169653
"40153","Woodward, OK",517313
"41001","Baker, OR",338708
"41003","Benton, OR",2561267
"41005","Clackamas, OR",10026758
"41007","Clatsop, OR",982427
"41009","Columbia, OR",798321
"41011","Coos, OR",1315376
"41013","Crook, OR",417281
"41015","Curry, OR",386893
"41017","Deschutes, OR",3535222
"41019","Douglas, OR",2164405
"41021","Gilliam, OR",81755
"41023","Grant, OR",155424
"41025","Harney, OR",147580
"41027","Hood River, OR",474067
"41029","Jackson, OR",4705641
"41031","Jefferson, OR",412446
"41033","Josephine, OR",1385405
"41035","Klamath, OR",1501434
"41037","Lake, OR",152954
"41039","Lane, OR",8948479
"41041","Lincoln, OR",1013908
"41043","Linn, OR",2663058
"41045","Malheur, OR",726303
"41047","Marion, OR",7785523
"41049","Morrow, OR",490952
"41051","Multnomah, OR",35089760
"41053","Polk, OR",1078031
"41055","Sherman, OR",298551
"41057","Tillamook, OR",559507
"41059","Umatilla, OR",2163051
"41061","Union, OR",560702
"41063","Wallowa, OR",201937
"41065","Wasco, OR",718573
"41067","Washington, OR",21618635
"41069","Wheeler, OR",22317
"41071","Yamhill, OR",1812746
"42001","Adams, PA",1986927
"42003","Allegheny, PA",55491926
"42005","Armstrong, PA",1635986
"42007","Beaver, PA",4512556
"42009","Bedford, PA",966430
"42011","Berks, PA",11436659
"42013","Blair, PA",3559735
"42015","Bradford, PA",1452940
"42017","Bucks, PA",20226563
"42019","Butler, PA",4541071
"42021","Cambria, PA",3456914
"42023","Cameron, PA",151814
"42025","Carbon, PA",1005333
"42027","Centre, PA",4206771
"42029","Chester, PA",21716301
"42031","Clarion, PA",914623
"42033","Clearfield, PA",1891218
"42035","Clinton, PA",777147
"42037","Columbia, PA",1492960
"42039","Crawford, PA",1894238
"42041","Cumberland, PA",8727948
"42043","Dauphin, PA",11955057
"42045","Delaware, PA",18341397
"42047","Elk, PA",1013221
"42049","Erie, PA",8081614
"42051","Fayette, PA",2277867
"42053","Forest, PA",102697
"42055","Franklin, PA",3127345
"42057","Fulton, PA",296773
"42059","Greene, PA",1518616
"42061","Huntingdon, PA",779328
"42063","Indiana, PA",2863894
"42065","Jefferson, PA",908478
"42067","Juniata, PA",427794
"42069","Lackawanna, PA",5952511
"42071","Lancaster, PA",16812615
"42073","Lawrence, PA",1973597
"42075","Lebanon, PA",2870354
"42077","Lehigh, PA",22376464
"42079","Luzerne, PA",9552837
"42081","Lycoming, PA",3236184
"42083","McKean, PA",1030869
"42085","Mercer, PA",2778759
"42087","Mifflin, PA",961119
"42089","Monroe, PA",3474105
"42091","Montgomery, PA",45742269
"42093","Montour, PA",953540
"42095","Northampton, PA",6638961
"42097","Northumberland, PA",2061119
"42099","Perry, PA",542775
"42101","Philadelphia, PA",55405782
"42103","Pike, PA",704948
"42105","Potter, PA",615951
"42107","Schuylkill, PA",3224813
"42109","Snyder, PA",1015271
"42111","Somerset, PA",1650482
"42113","Sullivan, PA",109122
"42115","Susquehanna, PA",582943
"42117","Tioga, PA",788411
"42119","Union, PA",1056674
"42121","Venango, PA",1233422
"42123","Warren, PA",976011
"42125","Washington, PA",4941186
"42127","Wayne, PA",929790
"42129","Westmoreland, PA",8339144
"42131","Wyoming, PA",730260
"42133","York, PA",11770430
"44001","Bristol, RI",1011041
"44003","Kent, RI",5734944
"44005","Newport, RI",3606567
"44007","Providence, RI",22017574
"44009","Washington, RI",3611799
"45001","Abbeville, SC",480522
"45003","Aiken, SC",4299991
"45005","Allendale, SC",227360
"45007","Anderson, SC",3790098
"45009","Bamberg, SC",259638
"45011","Barnwell, SC",440003
"45013","Beaufort, SC",4253950
"45015","Berkeley, SC",2636409
"45017","Calhoun, SC",278451
"45019","Charleston, SC",12338567
"45021","Cherokee, SC",1308343
"45023","Chester, SC",723600
"45025","Chesterfield, SC",917463
"45027","Clarendon, SC",447117
"45029","Colleton, SC",703124
"45031","Darlington, SC",1793493
"45033","Dillon, SC",506044
"45035","Dorchester, SC",1676288
"45037","Edgefield, SC",381066
"45039","Fairfield, SC",667881
"45041","Florence, SC",3874145
"45043","Georgetown, SC",1461214
"45045","Greenville, SC",18804360
"45047","Greenwood, SC",1878041
"45049","Hampton, SC",369197
"45051","Horry, SC",6322639
"45053","Jasper, SC",273921
"45055","Kershaw, SC",1058401
"45057","Lancaster, SC",1281834
"45059","Laurens, SC",1088589
"45061","Lee, SC",239170
"45063","Lexington, SC",5420251
"45065","McCormick, SC",116506
"45067","Marion, SC",550853
"45069","Marlboro, SC",504612
"45071","Newberry, SC",730330
"45073","Oconee, SC",2107804
"45075","Orangeburg, SC",1997833
"45077","Pickens, SC",2026100
"45079","Richland, SC",14063152
"45081","Saluda, SC",274799
"45083","Spartanburg, SC",8213405
"45085","Sumter, SC",2381587
"45087","Union, SC",502918
"45089","Williamsburg, SC",559321
"45091","York, SC",5059623
"46003","Aurora, SD",63324
"46005","Beadle, SD",446913
"46007","Bennett, SD",54571
"46009","Bon Homme, SD",139199
"46011","Brookings, SD",938300
"46013","Brown, SD",1158596
"46015","Brule, SD",124678
"46017","Buffalo, SD",50952
"46019","Butte, SD",161418
"46021","Campbell, SD",44617
"46023","Charles Mix, SD",265291
"46025","Clark, SD",84849
"46027","Clay, SD",304426
"46029","Codington, SD",800472
"46031","Corson, SD",63456
"46033","Custer, SD",126024
"46035","Davison, SD",603875
"46037","Day, SD",121008
"46039","Deuel, SD",99474
"46041","Dewey, SD",100946
"46043","Douglas, SD",82460
"46045","Edmunds, SD",102787
"46047","Fall River, SD",150304
"46049","Faulk, SD",58031
"46051","Grant, SD",339995
"46053","Gregory, SD",103982
"46055","Haakon, SD",75320
"46057","Hamlin, SD",96814
"46059","Hand, SD",111934
"46061","Hanson, SD",47643
"46063","Harding, SD",37625
"46065","Hughes, SD",641093
"46067","Hutchinson, SD",178949
"46069","Hyde, SD",42034
"46071","Jackson, SD",38826
"46073","Jerauld, SD",67979
"46075","Jones, SD",34417
"46077","Kingsbury, SD",158862
"46079","Lake, SD",263851
"46081","Lawrence, SD",527189
"46083","Lincoln, SD",459018
"46085","Lyman, SD",91449
"46087","McCook, SD",110203
"46089","McPherson, SD",59597
"46091","Marshall, SD",96275
"46093","Meade, SD",389072
"46095","Mellette, SD",23405
"46097","Miner, SD",54470
"46099","Minnehaha, SD",6687277
"46101","Moody, SD",152298
"46102","Oglala Lakota, SD*",179445
"46103","Pennington, SD",2984820
"46105","Perkins, SD",101129
"46107","Potter, SD",94198
"46109","Roberts, SD",178467
"46111","Sanborn, SD",63445
"46115","Spink, SD",195971
"46117","Stanley, SD",62722
"46119","Sully, SD",59917
"46121","Todd, SD",119235
"46123","Tripp, SD",154981
"46125","Turner, SD",156582
"46127","Union, SD",1198570
"46129","Walworth, SD",152420
"46135","Yankton, SD",630263
"46137","Ziebach, SD",38390
"47001","Anderson, TN",3066079
"47003","Bedford, TN",927030
"47005","Benton, TN",237321
"47007","Bledsoe, TN",155241
"47009","Blount, TN",2665790
"47011","Bradley, TN",2368874
"47013","Campbell, TN",604197
"47015","Cannon, TN",125601
"47017","Carroll, TN",451318
"47019","Carter, TN",659955
"47021","Cheatham, TN",476925
"47023","Chester, TN",211862
"47025","Claiborne, TN",464408
"47027","Clay, TN",109951
"47029","Cocke, TN",487614
"47031","Coffee, TN",1411615
"47033","Crockett, TN",255278
"47035","Cumberland, TN",950652
"47037","Davidson, TN",33470869
"47039","Decatur, TN",205876
"47041","DeKalb, TN",328881
"47043","Dickson, TN",830333
"47045","Dyer, TN",1025906
"47047","Fayette, TN",438291
"47049","Fentress, TN",225366
"47051","Franklin, TN",646809
"47053","Gibson, TN",1015034
"47055","Giles, TN",622745
"47057","Grainger, TN",214028
"47059","Greene, TN",1578676
"47061","Grundy, TN",141134
"47063","Hamblen, TN",1916147
"47065","Hamilton, TN",13206386
"47067","Hancock, TN",55798
"47069","Hardeman, TN",420600
"47071","Hardin, TN",519655
"47073","Hawkins, TN",878591
"47075","Haywood, TN",508020
"47077","Henderson, TN",570638
"47079","Henry, TN",677780
"47081","Hickman, TN",217722
"47083","Houston, TN",79594
"47085","Humphreys, TN",534395
"47087","Jackson, TN",134015
"47089","Jefferson, TN",877819
"47091","Johnson, TN",222146
"47093","Knox, TN",14072755
"47095","Lake, TN",78965
"47097","Lauderdale, TN",437511
"47099","Lawrence, TN",748466
"47101","Lewis, TN",134322
"47103","Lincoln, TN",534968
"47105","Loudon, TN",768806
"47107","McMinn, TN",1141417
"47109","McNairy, TN",552619
"47111","Macon, TN",273701
"47113","Madison, TN",3454582
"47115","Marion, TN",392675
"47117","Marshall, TN",808919
"47119","Maury, TN",2541584
"47121","Meigs, TN",113592
"47123","Monroe, TN",704293
"47125","Montgomery, TN",2383454
"47127","Moore, TN",102518
"47129","Morgan, TN",178646
"47131","Obion, TN",1053618
"47133","Overton, TN",270547
"47135","Perry, TN",135928
"47137","Pickett, TN",59670
"47139","Polk, TN",208243
"47141","Putnam, TN",1846288
"47143","Rhea, TN",695236
"47145","Roane, TN",1310041
"47147","Robertson, TN",989693
"47149","Rutherford, TN",5942098
"47151","Scott, TN",334610
"47153","Sequatchie, TN",157421
"47155","Sevier, TN",1953280
"47157","Shelby, TN",41858479
"47159","Smith, TN",338865
"47161","Stewart, TN",399580
"47163","Sullivan, TN",4912860
"47165","Sumner, TN",2676150
"47167","Tipton, TN",690136
"47169","Trousdale, TN",100229
"47171","Unicoi, TN",344317
"47173","Union, TN",172491
"47175","Van Buren, TN",57754
"47177","Warren, TN",827323
"47179","Washington, TN",3288459
"47181","Wayne, TN",192845
"47183","Weakley, TN",684386
"47185","White, TN",437133
"47187","Williamson, TN",5200771
"47189","Wilson, TN",2099835
"48001","Anderson, TX",1105488
"48003","Andrews, TX",1052949
"48005","Angelina, TX",2030371
"48007","Aransas, TX",347522
"48009","Archer, TX",163774
"48011","Armstrong, TX",36498
"48013","Atascosa, TX",704613
"48015","Austin, TX",658932
"48017","Bailey, TX",220229
"48019","Bandera, TX",167272
"48021","Bastrop, TX",852562
"48023","Baylor, TX",74603
"48025","Bee, TX",586752
"48027","Bell, TX",7338688
"48029","Bexar, TX",46232980
"48031","Blanco, TX",142873
"48033","Borden, TX",131315
"48035","Bosque, TX",278952
"48037","Bowie, TX",2218433
"48039","Brazoria, TX",7589382
"48041","Brazos, TX",4069817
"48043","Brewster, TX",243083
"48045","Briscoe, TX",33923
"48047","Brooks, TX",439779
"48049","Brown, TX",833347
"48051","Burleson, TX",404855
"48053","Burnet, TX",625301
"48055","Caldwell, TX",349152
"48057","Calhoun, TX",1135595
"48059","Callahan, TX",144655
"48061","Cameron, TX",5567331
"48063","Camp, TX",220885
"48065","Carson, TX",561934
"48067","Cass, TX",634771
"48069","Castro, TX",249271
"48071","Chambers, TX",966376
"48073","Cherokee, TX",997521
"48075","Childress, TX",121044
"48077","Clay, TX",176637
"48079","Cochran, TX",183761
"48081","Coke, TX",95954
"48083","Coleman, TX",140487
"48085","Collin, TX",16094894
"48087","Collingsworth, TX",74745
"48089","Colorado, TX",491980
"48091","Comal, TX",1893585
"48093","Comanche, TX",241372
"48095","Concho, TX",92391
"48097","Cooke, TX",1034010
"48099","Coryell, TX",663885
"48101","Cottle, TX",61379
"48103","Crane, TX",638541
"48105","Crockett, TX",667842
"48107","Crosby, TX",101285
"48109","Culberson, TX",55540
"48111","Dallam, TX",302950
"48113","Dallas, TX",142270708
"48115","Dawson, TX",397775
"48117","Deaf Smith, TX",679541
"48119","Delta, TX",79289
"48121","Denton, TX",8754889
"48123","DeWitt, TX",444533
"48125","Dickens, TX",56458
"48127","Dimmit, TX",152586
"48129","Donley, TX",82318
"48131","Duval, TX",458819
"48133","Eastland, TX",372123
"48135","Ector, TX",3838034
"48137","Edwards, TX",139355
"48139","Ellis, TX",2530358
"48141","El Paso, TX",15136724
"48143","Erath, TX",794799
"48145","Falls, TX",232222
"48147","Fannin, TX",512892
"48149","Fayette, TX",1286794
"48151","Fisher, TX",94673
"48153","Floyd, TX",169984
"48155","Foard, TX",33092
"48157","Fort Bend, TX",9035298
"48159","Franklin, TX",215941
"48161","Freestone, TX",1416404
"48163","Frio, TX",250475
"48165","Gaines, TX",1346665
"48167","Galveston, TX",7956841
"48169","Garza, TX",214080
"48171","Gillespie, TX",403690
"48173","Glasscock, TX",206717
"48175","Goliad, TX",446000
"48177","Gonzales, TX",443112
"48179","Gray, TX",671203
"48181","Grayson, TX",2720080
"48183","Gregg, TX",4304399
"48185","Grimes, TX",846477
"48187","Guadalupe, TX",2126643
"48189","Hale, TX",936577
"48191","Hall, TX",56182
"48193","Hamilton, TX",141207
"48195","Hansford, TX",372177
"48197","Hardeman, TX",135218
"48199","Hardin, TX",701444
"48201","Harris, TX",178640908
"48203","Harrison, TX",1827304
"48205","Hartley, TX",227330
"48207","Haskell, TX",130566
"48209","Hays, TX",2268125
"48211","Hemphill, TX",450203
"48213","Henderson, TX",1201126
"48215","Hidalgo, TX",10071789
"48217","Hill, TX",444705
"48219","Hockley, TX",1182819
"48221","Hood, TX",720523
"48223","Hopkins, TX",708260
"48225","Houston, TX",513120
"48227","Howard, TX",1121714
"48229","Hudspeth, TX",53307
"48231","Hunt, TX",1423708
"48233","Hutchinson, TX",845807
"48235","Irion, TX",125949
"48237","Jack, TX",212059
"48239","Jackson, TX",455215
"48241","Jasper, TX",753439
"48243","Jeff Davis, TX",46583
"48245","Jefferson, TX",10573935
"48247","Jim Hogg, TX",332270
"48249","Jim Wells, TX",852348
"48251","Johnson, TX",2087286
"48253","Jones, TX",354671
"48255","Karnes, TX",244780
"48257","Kaufman, TX",1290266
"48259","Kendall, TX",613401
"48261","Kenedy, TX",280263
"48263","Kent, TX",212969
"48265","Kerr, TX",945522
"48267","Kimble, TX",91295
"48269","King, TX",91958
"48271","Kinney, TX",39645
"48273","Kleberg, TX",723136
"48275","Knox, TX",94477
"48277","Lamar, TX",1419318
"48279","Lamb, TX",598094
"48281","Lampasas, TX",266316
"48283","La Salle, TX",143819
"48285","Lavaca, TX",731681
"48287","Lee, TX",424829
"48289","Leon, TX",492119
"48291","Liberty, TX",1078869
"48293","Limestone, TX",914513
"48295","Lipscomb, TX",220642
"48297","Live Oak, TX",420596
"48299","Llano, TX",302048
"48301","Loving, TX",131695
"48303","Lubbock, TX",6964639
"48305","Lynn, TX",111970
"48307","McCulloch, TX",159698
"48309","McLennan, TX",6114465
"48311","McMullen, TX",164034
"48313","Madison, TX",245204
"48315","Marion, TX",214769
"48317","Martin, TX",242094
"48319","Mason, TX",47407
"48321","Matagorda, TX",1839361
"48323","Maverick, TX",673208
"48325","Medina, TX",446539
"48327","Menard, TX",34035
"48329","Midland, TX",4208837
"48331","Milam, TX",768120
"48333","Mills, TX",89455
"48335","Mitchell, TX",288284
"48337","Montague, TX",296544
"48339","Montgomery, TX",6257581
"48341","Moore, TX",1116402
"48343","Morris, TX",369367
"48345","Motley, TX",22619
"48347","Nacogdoches, TX",1439089
"48349","Navarro, TX",926770
"48351","Newton, TX",168558
"48353","Nolan, TX",396783
"48355","Nueces, TX",10019834
"48357","Ochiltree, TX",445813
"48359","Oldham, TX",71136
"48361","Orange, TX",2025999
"48363","Palo Pinto, TX",562447
"48365","Panola, TX",1560691
"48367","Parker, TX",1319617
"48369","Parmer, TX",454292
"48371","Pecos, TX",1455710
"48373","Polk, TX",755788
"48375","Potter, TX",4824340
"48377","Presidio, TX",114701
"48379","Rains, TX",100090
"48381","Randall, TX",1528768
"48383","Reagan, TX",318758
"48385","Real, TX",34871
"48387","Red River, TX",161307
"48389","Reeves, TX",381024
"48391","Refugio, TX",400401
"48393","Roberts, TX",337136
"48395","Robertson, TX",639153
"48397","Rockwall, TX",901446
"48399","Runnels, TX",236006
"48401","Rusk, TX",1886409
"48403","Sabine, TX",159066
"48405","San Augustine, TX",109763
"48407","San Jacinto, TX",163033
"48409","San Patricio, TX",1413687
"48411","San Saba, TX",93518
"48413","Schleicher, TX",117308
"48415","Scurry, TX",729596
"48417","Shackelford, TX",98180
"48419","Shelby, TX",639982
"48421","Sherman, TX",271799
"48423","Smith, TX",5512391
"48425","Somervell, TX",952562
"48427","Starr, TX",1192330
"48429","Stephens, TX",289309
"48431","Sterling, TX",147438
"48433","Stonewall, TX",70979
"48435","Sutton, TX",392531
"48437","Swisher, TX",201560
"48439","Tarrant, TX",52347749
"48441","Taylor, TX",3139383
"48443","Terrell, TX",294972
"48445","Terry, TX",356252
"48447","Throckmorton, TX",68392
"48449","Titus, TX",2028658
"48451","Tom Green, TX",3019061
"48453","Travis, TX",44450371
"48455","Trinity, TX",129249
"48457","Tyler, TX",224470
"48459","Upshur, TX",646924
"48461","Upton, TX",574948
"48463","Uvalde, TX",479701
"48465","Val Verde, TX",992429
"48467","Van Zandt, TX",627818
"48469","Victoria, TX",2551092
"48471","Walker, TX",1130733
"48473","Waller, TX",682874
"48475","Ward, TX",728222
"48477","Washington, TX",1370815
"48479","Webb, TX",5166616
"48481","Wharton, TX",1277543
"48483","Wheeler, TX",310915
"48485","Wichita, TX",3812577
"48487","Wilbarger, TX",524072
"48489","Willacy, TX",319017
"48491","Williamson, TX",7351744
"48493","Wilson, TX",311042
"48495","Winkler, TX",434649
"48497","Wise, TX",1389102
"48499","Wood, TX",733253
"48501","Yoakum, TX",1254653
"48503","Young, TX",492633
"48505","Zapata, TX",1451471
"48507","Zavala, TX",133034
"49001","Beaver, UT",188704
"49003","Box Elder, UT",1377934
"49005","Cache, UT",2148052
"49007","Carbon, UT",672170
"49009","Daggett, UT",35682
"49011","Davis, UT",5999806
"49013","Duchesne, UT",362320
"49015","Emery, UT",559515
"49017","Garfield, UT",117982
"49019","Grand, UT",219508
"49021","Iron, UT",763296
"49023","Juab, UT",146375
"49025","Kane, UT",148413
"49027","Millard, UT",522676
"49029","Morgan, UT",112094
"49031","Piute, UT",20845
"49033","Rich, UT",63594
"49035","Salt Lake, UT",39374283
"49037","San Juan, UT",267112
"49039","Sanpete, UT",368410
"49041","Sevier, UT",467154
"49043","Summit, UT",1319910
"49045","Tooele, UT",869561
"49047","Uintah, UT",867854
"49049","Utah, UT",8761088
"49051","Wasatch, UT",313254
"49053","Washington, UT",1980333
"49055","Wayne, UT",64453
"49057","Weber, UT",5279624
"50001","Addison, VT",902966
"50003","Bennington, VT",1198159
"50005","Caledonia, VT",692790
"50007","Chittenden, VT",6627632
"50009","Essex, VT",111622
"50011","Franklin, VT",1002562
"50013","Grand Isle, VT",89680
"50015","Lamoille, VT",612672
"50017","Orange, VT",492558
"50019","Orleans, VT",523770
"50021","Rutland, VT",1747180
"50023","Washington, VT",2128160
"50025","Windham, VT",1565988
"50027","Windsor, VT",1576062
"51001","Accomack, VA",1543821
"51007","Amelia, VA",163211
"51009","Amherst, VA",565294
"51011","Appomattox, VA",215899
"51013","Arlington, VA",19091497
"51017","Bath, VA",148763
"51019","Bedford, VA*",1122064
"51021","Bland, VA",118226
"51023","Botetourt, VA",600991
"51025","Brunswick, VA",268110
"51027","Buchanan, VA",612928
"51029","Buckingham, VA",196585
"51033","Caroline, VA",307113
"51036","Charles City, VA",101639
"51037","Charlotte, VA",180288
"51041","Chesterfield, VA",9026837
"51043","Clarke, VA",297905
"51045","Craig, VA",45605
"51047","Culpeper, VA",925080
"51049","Cumberland, VA",98383
"51051","Dickenson, VA",222017
"51057","Essex, VA",200422
"51061","Fauquier, VA",1224058
"51063","Floyd, VA",176041
"51065","Fluvanna, VA",288379
"51067","Franklin, VA",851646
"51071","Giles, VA",495356
"51073","Gloucester, VA",543513
"51075","Goochland, VA",771632
"51077","Grayson, VA",177728
"51079","Greene, VA",282913
"51083","Halifax, VA",1083570
"51085","Hanover, VA",2860288
"51087","Henrico, VA",13479476
"51091","Highland, VA",52604
"51093","Isle of Wight, VA",1698668
"51097","King and Queen, VA",93864
"51099","King George, VA",887566
"51101","King William, VA",313076
"51103","Lancaster, VA",283840
"51105","Lee, VA",310961
"51107","Loudoun, VA",9137343
"51109","Louisa, VA",1048352
"51111","Lunenburg, VA",194327
"51113","Madison, VA",220849
"51115","Mathews, VA",109771
"51117","Mecklenburg, VA",773091
"51119","Middlesex, VA",199704
"51125","Nelson, VA",225981
"51127","New Kent, VA",173017
"51131","Northampton, VA",330825
"51133","Northumberland, VA",282623
"51135","Nottoway, VA",324112
"51137","Orange, VA",469400
"51139","Page, VA",455344
"51141","Patrick, VA",351174
"51145","Powhatan, VA",325706
"51147","Prince Edward, VA",423547
"51155","Pulaski, VA",997788
"51157","Rappahannock, VA",126160
"51159","Richmond, VA",199186
"51167","Russell, VA",666760
"51169","Scott, VA",283561
"51171","Shenandoah, VA",912927
"51173","Smyth, VA",826813
"51179","Stafford, VA",1908135
"51181","Surry, VA",718327
"51183","Sussex, VA",215596
"51185","Tazewell, VA",977948
"51187","Warren, VA",654010
"51193","Westmoreland, VA",222047
"51197","Wythe, VA",593540
"51510","Alexandria (Independent City), VA",8960453
"51550","Chesapeake (Independent City), VA",5385316
"51650","Hampton (Independent City), VA",5065979
"51700","Newport News (Independent City), VA",6595417
"51710","Norfolk (Independent City), VA",14654913
"51740","Portsmouth (Independent City), VA",3208845
"51760","Richmond (Independent City), VA",15208458
"51770","Roanoke (Independent City), VA",5080572
"51800","Suffolk (Independent City), VA",2019094
"51810","Virginia Beach (Independent City), VA",11984899
"51901","Albemarle + Charlottesville, VA*",5468836
"51903","Alleghany + Covington, VA*",617156
"51907","Augusta, Staunton + Waynesboro, VA*",3506814
"51911","Campbell + Lynchburg, VA*",4640915
"51913","Carroll + Galax, VA*",749876
"51918","Dinwiddie, Colonial Heights + Petersburg, VA*",1994518
"51919","Fairfax, Fairfax City + Falls Church, VA*",59401565
"51921","Frederick + Winchester, VA*",3484127
"51923","Greensville + Emporia, VA*",678152
"51929","Henry + Martinsville, VA*",1788066
"51931","James City + Williamsburg, VA*",2764316
"51933","Montgomery + Radford, VA*",2960289
"51939","Pittsylvania + Danville, VA*",2990868
"51941","Prince George + Hopewell, VA*",2039279
"51942","Prince William, Manassas + Manassas Park, VA*",8271316
"51944","Roanoke + Salem, VA*",3876587
"51945","Rockbridge, Buena Vista + Lexington, VA*",812633
"51947","Rockingham + Harrisonburg, VA*",5529477
"51949","Southampton + Franklin, VA*",530197
"51951","Spotsylvania + Fredericksburg, VA*",3150195
"51953","Washington + Bristol, VA*",1997575
"51955","Wise + Norton, VA*",1233933
"51958","York + Poquoson, VA*",1470122
"53001","Adams, WA",340505
"53003","Asotin, WA",351102
"53005","Benton, WA",5360106
"53007","Chelan, WA",2228987
"53009","Clallam, WA",1373426
"53011","Clark, WA",8773978
"53013","Columbia, WA",173678
"53015","Cowlitz, WA",2550169
"53017","Douglas, WA",816809
"53019","Ferry, WA",103730
"53021","Franklin, WA",1386479
"53023","Garfield, WA",59186
"53025","Grant, WA",2491133
"53027","Grays Harbor, WA",1546858
"53029","Island, WA",1683907
"53031","Jefferson, WA",577833
"53033","King, WA",122776844
"53035","Kitsap, WA",6335533
"53037","Kittitas, WA",809343
"53039","Klickitat, WA",379825
"53041","Lewis, WA",1971645
"53043","Lincoln, WA",214742
"53045","Mason, WA",840894
"53047","Okanogan, WA",704816
"53049","Pacific, WA",367105
"53051","Pend Oreille, WA",281995
"53053","Pierce, WA",18977403
"53055","San Juan, WA",387116
"53057","Skagit, WA",3213439
"53059","Skamania, WA",139649
"53061","Snohomish, WA",19110479
"53063","Spokane, WA",12952664
"53065","Stevens, WA",674798
"53067","Thurston, WA",6441029
"53069","Wahkiakum, WA",60054
"53071","Walla Walla, WA",1858639
"53073","Whatcom, WA",5264111
"53075","Whitman, WA",1112069
"53077","Yakima, WA",5071283
"54001","Barbour, WV",166511
"54003","Berkeley, WV",1699584
"54005","Boone, WV",792415
"54007","Braxton, WV",205328
"54009","Brooke, WV",613659
"54011","Cabell, WV",2950347
"54013","Calhoun, WV",84868
"54015","Clay, WV",168586
"54017","Doddridge, WV",69675
"54019","Fayette, WV",692726
"54021","Gilmer, WV",106886
"54023","Grant, WV",415151
"54025","Greenbrier, WV",718633
"54027","Hampshire, WV",226538
"54029","Hancock, WV",847892
"54031","Hardy, WV",316047
"54033","Harrison, WV",2139467
"54035","Jackson, WV",515072
"54037","Jefferson, WV",730768
"54039","Kanawha, WV",7806263
"54041","Lewis, WV",304085
"54043","Lincoln, WV",182221
"54045","Logan, WV",765977
"54047","McDowell, WV",351554
"54049","Marion, WV",1217114
"54051","Marshall, WV",1063254
"54053","Mason, WV",573246
"54055","Mercer, WV",1264902
"54057","Mineral, WV",386831
"54059","Mingo, WV",739521
"54061","Monongalia, WV",2779985
"54063","Monroe, WV",149417
"54065","Morgan, WV",183507
"54067","Nicholas, WV",529558
"54069","Ohio, WV",1679398
"54071","Pendleton, WV",145284
"54073","Pleasants, WV",299511
"54075","Pocahontas, WV",217226
"54077","Preston, WV",453101
"54079","Putnam, WV",1329924
"54081","Raleigh, WV",1926733
"54083","Randolph, WV",591478
"54085","Ritchie, WV",178138
"54087","Roane, WV",179957
"54089","Summers, WV",140287
"54091","Taylor, WV",175410
"54093","Tucker, WV",145195
"54095","Tyler, WV",170743
"54097","Upshur, WV",483116
"54099","Wayne, WV",647440
"54101","Webster, WV",183147
"54103","Wetzel, WV",246252
"54105","Wirt, WV",49593
"54107","Wood, WV",2594609
"54109","Wyoming, WV",388708
"55001","Adams, WI",320229
"55003","Ashland, WI",464603
"55005","Barron, WI",1257954
"55007","Bayfield, WI",250246
"55009","Brown, WI",9780222
"55011","Buffalo, WI",477152
"55013","Burnett, WI",291557
"55015","Calumet, WI",740069
"55017","Chippewa, WI",1390227
"55019","Clark, WI",653927
"55021","Columbia, WI",1498948
"55023","Crawford, WI",392260
"55025","Dane, WI",20575388
"55027","Dodge, WI",2224261
"55029","Door, WI",752369
"55031","Douglas, WI",1088212
"55033","Dunn, WI",916162
"55035","Eau Claire, WI",2986210
"55037","Florence, WI",82220
"55039","Fond du Lac, WI",2867106
"55041","Forest, WI",178676
"55043","Grant, WI",1109965
"55045","Green, WI",858534
"55047","Green Lake, WI",474405
"55049","Iowa, WI",750684
"55051","Iron, WI",150473
"55053","Jackson, WI",431534
"55055","Jefferson, WI",2248360
"55057","Juneau, WI",517034
"55059","Kenosha, WI",3847925
"55061","Kewaunee, WI",458606
"55063","La Crosse, WI",3697739
"55065","Lafayette, WI",301584
"55067","Langlade, WI",470571
"55069","Lincoln, WI",714511
"55071","Manitowoc, WI",2585828
"55073","Marathon, WI",4627814
"55075","Marinette, WI",1170691
"55077","Marquette, WI",232930
"55078","Menominee, WI",92665
"55079","Milwaukee, WI",40202883
"55081","Monroe, WI",1055127
"55083","Oconto, WI",601131
"55085","Oneida, WI",1077496
"55087","Outagamie, WI",6783526
"55089","Ozaukee, WI",2959036
"55091","Pepin, WI",147532
"55093","Pierce, WI",607719
"55095","Polk, WI",867354
"55097","Portage, WI",2169214
"55099","Price, WI",391624
"55101","Racine, WI",6266581
"55103","Richland, WI",378591
"55105","Rock, WI",4434467
"55107","Rusk, WI",322323
"55109","St. Croix, WI",1593817
"55111","Sauk, WI",2071904
"55113","Sawyer, WI",401826
"55115","Shawano, WI",779417
"55117","Sheboygan, WI",4343021
"55119","Taylor, WI",498751
"55121","Trempealeau, WI",782999
"55123","Vernon, WI",542570
"55125","Vilas, WI",524846
"55127","Walworth, WI",2489079
"55129","Washburn, WI",355770
"55131","Washington, WI",3226076
"55133","Waukesha, WI",17307976
"55135","Waupaca, WI",1255394
"55137","Waushara, WI",364284
"55139","Winnebago, WI",6582381
"55141","Wood, WI",2659470
"56001","Albany, WY",817168
"56003","Big Horn, WY",315795
"56005","Campbell, WY",2885568
"56007","Carbon, WY",493738
"56009","Converse, WY",442715
"56011","Crook, WY",135605
"56013","Fremont, WY",873865
"56015","Goshen, WY",327539
"56017","Hot Springs, WY",117273
"56019","Johnson, WY",166318
"56021","Laramie, WY",2599215
"56023","Lincoln, WY",425247
"56025","Natrona, WY",2274468
"56027","Niobrara, WY",61469
"56029","Park, WY",743182
"56031","Platte, WY",320754
"56033","Sheridan, WY",708639
"56035","Sublette, WY",473727
"56037","Sweetwater, WY",2288487
"56039","Teton, WY",1172291
"56041","Uinta, WY",630043
"56043","Washakie, WY",251552
"56045","Weston, WY",166536
